family_code,pokedex_number,form_code,pokemon_name,pokemon_name_pl,evolution_tier,normal_stage,is_baby,evolves_from_pokedex_number,evolves_from_form_code,branch_order,notes
"abra",63,"NORMAL","Abra",,0,"BASIC",false,,,0,""
"abra",64,"NORMAL","Kadabra",,1,"STAGE1",false,63,"NORMAL",0,""
"abra",65,"NORMAL","Alakazam",,2,"STAGE2",false,64,"NORMAL",0,""
"absol",359,"NORMAL","Absol",,0,"BASIC",false,,,0,""
"aerodactyl",142,"NORMAL","Aerodactyl",,0,"BASIC",false,,,0,""
"aipom",190,"NORMAL","Aipom",,0,"BASIC",false,,,0,""
"aipom",424,"NORMAL","Ambipom",,1,"STAGE1",false,190,"NORMAL",0,""
"alomomola",594,"NORMAL","Alomomola",,0,"BASIC",false,,,0,""
"amaura",698,"NORMAL","Amaura",,0,"BASIC",false,,,0,""
"amaura",699,"NORMAL","Aurorus",,1,"STAGE1",false,698,"NORMAL",0,""
"anorith",347,"NORMAL","Anorith",,0,"BASIC",false,,,0,""
"anorith",348,"NORMAL","Armaldo",,1,"STAGE1",false,347,"NORMAL",0,""
"applin",840,"NORMAL","Applin",,0,"BASIC",false,,,0,""
"applin",841,"NORMAL","Flapple",,1,"STAGE1",false,840,"NORMAL",0,""
"applin",842,"NORMAL","Appletun",,1,"STAGE1",false,840,"NORMAL",1,""
"applin",1011,"NORMAL","Dipplin",,1,"STAGE1",false,840,"NORMAL",2,""
"applin",1019,"NORMAL","Hydrapple",,2,"STAGE2",false,1011,"NORMAL",0,""
"arceus",493,"NORMAL","Arceus",,0,"BASIC",false,,,0,""
"archen",566,"NORMAL","Archen",,0,"BASIC",false,,,0,""
"archen",567,"NORMAL","Archeops",,1,"STAGE1",false,566,"NORMAL",0,""
"arctovish",883,"NORMAL","Arctovish",,0,"BASIC",false,,,0,""
"arctozolt",881,"NORMAL","Arctozolt",,0,"BASIC",false,,,0,""
"aron",304,"NORMAL","Aron",,0,"BASIC",false,,,0,""
"aron",305,"NORMAL","Lairon",,1,"STAGE1",false,304,"NORMAL",0,""
"aron",306,"NORMAL","Aggron",,2,"STAGE2",false,305,"NORMAL",0,""
"arrokuda",846,"NORMAL","Arrokuda",,0,"BASIC",false,,,0,""
"arrokuda",847,"NORMAL","Barraskewda",,1,"STAGE1",false,846,"NORMAL",0,""
"articuno",144,"NORMAL","Articuno",,0,"BASIC",false,,,0,""
"audino",531,"NORMAL","Audino",,0,"BASIC",false,,,0,""
"axew",610,"NORMAL","Axew",,0,"BASIC",false,,,0,""
"axew",611,"NORMAL","Fraxure",,1,"STAGE1",false,610,"NORMAL",0,""
"axew",612,"NORMAL","Haxorus",,2,"STAGE2",false,611,"NORMAL",0,""
"azelf",482,"NORMAL","Azelf",,0,"BASIC",false,,,0,""
"azurill",298,"NORMAL","Azurill",,0,"BASIC",true,,,0,""
"azurill",183,"NORMAL","Marill",,1,"STAGE1",false,298,"NORMAL",0,""
"azurill",184,"NORMAL","Azumarill",,2,"STAGE2",false,183,"NORMAL",0,""
"bagon",371,"NORMAL","Bagon",,0,"BASIC",false,,,0,""
"bagon",372,"NORMAL","Shelgon",,1,"STAGE1",false,371,"NORMAL",0,""
"bagon",373,"NORMAL","Salamence",,2,"STAGE2",false,372,"NORMAL",0,""
"baltoy",343,"NORMAL","Baltoy",,0,"BASIC",false,,,0,""
"baltoy",344,"NORMAL","Claydol",,1,"STAGE1",false,343,"NORMAL",0,""
"barboach",339,"NORMAL","Barboach",,0,"BASIC",false,,,0,""
"barboach",340,"NORMAL","Whiscash",,1,"STAGE1",false,339,"NORMAL",0,""
"basculin",550,"NORMAL","Basculin",,0,"BASIC",false,,,0,""
"basculin",902,"NORMAL","Basculegion",,1,"STAGE1",false,550,"NORMAL",0,""
"beldum",374,"NORMAL","Beldum",,0,"BASIC",false,,,0,""
"beldum",375,"NORMAL","Metang",,1,"STAGE1",false,374,"NORMAL",0,""
"beldum",376,"NORMAL","Metagross",,2,"STAGE2",false,375,"NORMAL",0,""
"bellsprout",69,"NORMAL","Bellsprout",,0,"BASIC",false,,,0,""
"bellsprout",70,"NORMAL","Weepinbell",,1,"STAGE1",false,69,"NORMAL",0,""
"bellsprout",71,"NORMAL","Victreebel",,2,"STAGE2",false,70,"NORMAL",0,""
"bergmite",712,"NORMAL","Bergmite",,0,"BASIC",false,,,0,""
"bergmite",713,"NORMAL","Avalugg",,1,"STAGE1",false,712,"NORMAL",0,""
"bidoof",399,"NORMAL","Bidoof",,0,"BASIC",false,,,0,""
"bidoof",400,"NORMAL","Bibarel",,1,"STAGE1",false,399,"NORMAL",0,""
"binacle",688,"NORMAL","Binacle",,0,"BASIC",false,,,0,""
"binacle",689,"NORMAL","Barbaracle",,1,"STAGE1",false,688,"NORMAL",0,""
"blacephalon",806,"NORMAL","Blacephalon",,0,"BASIC",false,,,0,""
"blipbug",824,"NORMAL","Blipbug",,0,"BASIC",false,,,0,""
"blipbug",825,"NORMAL","Dottler",,1,"STAGE1",false,824,"NORMAL",0,""
"blipbug",826,"NORMAL","Orbeetle",,2,"STAGE2",false,825,"NORMAL",0,""
"blitzle",522,"NORMAL","Blitzle",,0,"BASIC",false,,,0,""
"blitzle",523,"NORMAL","Zebstrika",,1,"STAGE1",false,522,"NORMAL",0,""
"bombirdier",962,"NORMAL","Bombirdier",,0,"BASIC",false,,,0,""
"bonsly",438,"NORMAL","Bonsly",,0,"BASIC",true,,,0,""
"bonsly",185,"NORMAL","Sudowoodo",,1,"STAGE1",false,438,"NORMAL",0,""
"bouffalant",626,"NORMAL","Bouffalant",,0,"BASIC",false,,,0,""
"bounsweet",761,"NORMAL","Bounsweet",,0,"BASIC",false,,,0,""
"bounsweet",762,"NORMAL","Steenee",,1,"STAGE1",false,761,"NORMAL",0,""
"bounsweet",763,"NORMAL","Tsareena",,2,"STAGE2",false,762,"NORMAL",0,""
"bramblin",946,"NORMAL","Bramblin",,0,"BASIC",false,,,0,""
"bramblin",947,"NORMAL","Brambleghast",,1,"STAGE1",false,946,"NORMAL",0,""
"bronzor",436,"NORMAL","Bronzor",,0,"BASIC",false,,,0,""
"bronzor",437,"NORMAL","Bronzong",,1,"STAGE1",false,436,"NORMAL",0,""
"brute-bonnet",986,"NORMAL","Brute Bonnet",,0,"BASIC",false,,,0,""
"bruxish",779,"NORMAL","Bruxish",,0,"BASIC",false,,,0,""
"budew",406,"NORMAL","Budew",,0,"BASIC",true,,,0,""
"budew",315,"NORMAL","Roselia",,1,"STAGE1",false,406,"NORMAL",0,""
"budew",407,"NORMAL","Roserade",,2,"STAGE2",false,315,"NORMAL",0,""
"buizel",418,"NORMAL","Buizel",,0,"BASIC",false,,,0,""
"buizel",419,"NORMAL","Floatzel",,1,"STAGE1",false,418,"NORMAL",0,""
"bulbasaur",1,"NORMAL","Bulbasaur",,0,"BASIC",false,,,0,""
"bulbasaur",2,"NORMAL","Ivysaur",,1,"STAGE1",false,1,"NORMAL",0,""
"bulbasaur",3,"NORMAL","Venusaur",,2,"STAGE2",false,2,"NORMAL",0,""
"buneary",427,"NORMAL","Buneary",,0,"BASIC",false,,,0,""
"buneary",428,"NORMAL","Lopunny",,1,"STAGE1",false,427,"NORMAL",0,""
"bunnelby",659,"NORMAL","Bunnelby",,0,"BASIC",false,,,0,""
"bunnelby",660,"NORMAL","Diggersby",,1,"STAGE1",false,659,"NORMAL",0,""
"burmy",412,"NORMAL","Burmy",,0,"BASIC",false,,,0,""
"burmy",413,"NORMAL","Wormadam",,1,"STAGE1",false,412,"NORMAL",0,""
"burmy",414,"NORMAL","Mothim",,1,"STAGE1",false,412,"NORMAL",1,""
"buzzwole",794,"NORMAL","Buzzwole",,0,"BASIC",false,,,0,""
"cacnea",331,"NORMAL","Cacnea",,0,"BASIC",false,,,0,""
"cacnea",332,"NORMAL","Cacturne",,1,"STAGE1",false,331,"NORMAL",0,""
"calyrex",898,"NORMAL","Calyrex",,0,"BASIC",false,,,0,""
"capsakid",951,"NORMAL","Capsakid",,0,"BASIC",false,,,0,""
"capsakid",952,"NORMAL","Scovillain",,1,"STAGE1",false,951,"NORMAL",0,""
"carbink",703,"NORMAL","Carbink",,0,"BASIC",false,,,0,""
"carnivine",455,"NORMAL","Carnivine",,0,"BASIC",false,,,0,""
"carvanha",318,"NORMAL","Carvanha",,0,"BASIC",false,,,0,""
"carvanha",319,"NORMAL","Sharpedo",,1,"STAGE1",false,318,"NORMAL",0,""
"castform",351,"NORMAL","Castform",,0,"BASIC",false,,,0,""
"caterpie",10,"NORMAL","Caterpie",,0,"BASIC",false,,,0,""
"caterpie",11,"NORMAL","Metapod",,1,"STAGE1",false,10,"NORMAL",0,""
"caterpie",12,"NORMAL","Butterfree",,2,"STAGE2",false,11,"NORMAL",0,""
"celebi",251,"NORMAL","Celebi",,0,"BASIC",false,,,0,""
"celesteela",797,"NORMAL","Celesteela",,0,"BASIC",false,,,0,""
"cetoddle",974,"NORMAL","Cetoddle",,0,"BASIC",false,,,0,""
"cetoddle",975,"NORMAL","Cetitan",,1,"STAGE1",false,974,"NORMAL",0,""
"charcadet",935,"NORMAL","Charcadet",,0,"BASIC",false,,,0,""
"charcadet",936,"NORMAL","Armarouge",,1,"STAGE1",false,935,"NORMAL",0,""
"charcadet",937,"NORMAL","Ceruledge",,1,"STAGE1",false,935,"NORMAL",1,""
"charmander",4,"NORMAL","Charmander",,0,"BASIC",false,,,0,""
"charmander",5,"NORMAL","Charmeleon",,1,"STAGE1",false,4,"NORMAL",0,""
"charmander",6,"NORMAL","Charizard",,2,"STAGE2",false,5,"NORMAL",0,""
"chatot",441,"NORMAL","Chatot",,0,"BASIC",false,,,0,""
"cherubi",420,"NORMAL","Cherubi",,0,"BASIC",false,,,0,""
"cherubi",421,"NORMAL","Cherrim",,1,"STAGE1",false,420,"NORMAL",0,""
"chespin",650,"NORMAL","Chespin",,0,"BASIC",false,,,0,""
"chespin",651,"NORMAL","Quilladin",,1,"STAGE1",false,650,"NORMAL",0,""
"chespin",652,"NORMAL","Chesnaught",,2,"STAGE2",false,651,"NORMAL",0,""
"chewtle",833,"NORMAL","Chewtle",,0,"BASIC",false,,,0,""
"chewtle",834,"NORMAL","Drednaw",,1,"STAGE1",false,833,"NORMAL",0,""
"chi-yu",1004,"NORMAL","Chi-Yu",,0,"BASIC",false,,,0,""
"chien-pao",1002,"NORMAL","Chien-Pao",,0,"BASIC",false,,,0,""
"chikorita",152,"NORMAL","Chikorita",,0,"BASIC",false,,,0,""
"chikorita",153,"NORMAL","Bayleef",,1,"STAGE1",false,152,"NORMAL",0,""
"chikorita",154,"NORMAL","Meganium",,2,"STAGE2",false,153,"NORMAL",0,""
"chimchar",390,"NORMAL","Chimchar",,0,"BASIC",false,,,0,""
"chimchar",391,"NORMAL","Monferno",,1,"STAGE1",false,390,"NORMAL",0,""
"chimchar",392,"NORMAL","Infernape",,2,"STAGE2",false,391,"NORMAL",0,""
"chinchou",170,"NORMAL","Chinchou",,0,"BASIC",false,,,0,""
"chinchou",171,"NORMAL","Lanturn",,1,"STAGE1",false,170,"NORMAL",0,""
"chingling",433,"NORMAL","Chingling",,0,"BASIC",true,,,0,""
"chingling",358,"NORMAL","Chimecho",,1,"STAGE1",false,433,"NORMAL",0,""
"clamperl",366,"NORMAL","Clamperl",,0,"BASIC",false,,,0,""
"clamperl",367,"NORMAL","Huntail",,1,"STAGE1",false,366,"NORMAL",0,""
"clamperl",368,"NORMAL","Gorebyss",,1,"STAGE1",false,366,"NORMAL",1,""
"clauncher",692,"NORMAL","Clauncher",,0,"BASIC",false,,,0,""
"clauncher",693,"NORMAL","Clawitzer",,1,"STAGE1",false,692,"NORMAL",0,""
"cleffa",173,"NORMAL","Cleffa",,0,"BASIC",true,,,0,""
"cleffa",35,"NORMAL","Clefairy",,1,"STAGE1",false,173,"NORMAL",0,""
"cleffa",36,"NORMAL","Clefable",,2,"STAGE2",false,35,"NORMAL",0,""
"clobbopus",852,"NORMAL","Clobbopus",,0,"BASIC",false,,,0,""
"clobbopus",853,"NORMAL","Grapploct",,1,"STAGE1",false,852,"NORMAL",0,""
"cobalion",638,"NORMAL","Cobalion",,0,"BASIC",false,,,0,""
"combee",415,"NORMAL","Combee",,0,"BASIC",false,,,0,""
"combee",416,"NORMAL","Vespiquen",,1,"STAGE1",false,415,"NORMAL",0,""
"comfey",764,"NORMAL","Comfey",,0,"BASIC",false,,,0,""
"corphish",341,"NORMAL","Corphish",,0,"BASIC",false,,,0,""
"corphish",342,"NORMAL","Crawdaunt",,1,"STAGE1",false,341,"NORMAL",0,""
"corsola",222,"NORMAL","Corsola",,0,"BASIC",false,,,0,""
"corsola",864,"NORMAL","Cursola",,1,"STAGE1",false,222,"NORMAL",0,""
"cosmog",789,"NORMAL","Cosmog",,0,"BASIC",false,,,0,""
"cosmog",790,"NORMAL","Cosmoem",,1,"STAGE1",false,789,"NORMAL",0,""
"cosmog",791,"NORMAL","Solgaleo",,2,"STAGE2",false,790,"NORMAL",0,""
"cosmog",792,"NORMAL","Lunala",,2,"STAGE2",false,790,"NORMAL",1,""
"cottonee",546,"NORMAL","Cottonee",,0,"BASIC",false,,,0,""
"cottonee",547,"NORMAL","Whimsicott",,1,"STAGE1",false,546,"NORMAL",0,""
"crabrawler",739,"NORMAL","Crabrawler",,0,"BASIC",false,,,0,""
"crabrawler",740,"NORMAL","Crabominable",,1,"STAGE1",false,739,"NORMAL",0,""
"cramorant",845,"NORMAL","Cramorant",,0,"BASIC",false,,,0,""
"cranidos",408,"NORMAL","Cranidos",,0,"BASIC",false,,,0,""
"cranidos",409,"NORMAL","Rampardos",,1,"STAGE1",false,408,"NORMAL",0,""
"cresselia",488,"NORMAL","Cresselia",,0,"BASIC",false,,,0,""
"croagunk",453,"NORMAL","Croagunk",,0,"BASIC",false,,,0,""
"croagunk",454,"NORMAL","Toxicroak",,1,"STAGE1",false,453,"NORMAL",0,""
"cryogonal",615,"NORMAL","Cryogonal",,0,"BASIC",false,,,0,""
"cubchoo",613,"NORMAL","Cubchoo",,0,"BASIC",false,,,0,""
"cubchoo",614,"NORMAL","Beartic",,1,"STAGE1",false,613,"NORMAL",0,""
"cubone",104,"NORMAL","Cubone",,0,"BASIC",false,,,0,""
"cubone",105,"NORMAL","Marowak",,1,"STAGE1",false,104,"NORMAL",0,""
"cufant",878,"NORMAL","Cufant",,0,"BASIC",false,,,0,""
"cufant",879,"NORMAL","Copperajah",,1,"STAGE1",false,878,"NORMAL",0,""
"cutiefly",742,"NORMAL","Cutiefly",,0,"BASIC",false,,,0,""
"cutiefly",743,"NORMAL","Ribombee",,1,"STAGE1",false,742,"NORMAL",0,""
"cyclizar",967,"NORMAL","Cyclizar",,0,"BASIC",false,,,0,""
"cyndaquil",155,"NORMAL","Cyndaquil",,0,"BASIC",false,,,0,""
"cyndaquil",156,"NORMAL","Quilava",,1,"STAGE1",false,155,"NORMAL",0,""
"cyndaquil",157,"NORMAL","Typhlosion",,2,"STAGE2",false,156,"NORMAL",0,""
"darkrai",491,"NORMAL","Darkrai",,0,"BASIC",false,,,0,""
"darumaka",554,"NORMAL","Darumaka",,0,"BASIC",false,,,0,""
"darumaka",555,"NORMAL","Darmanitan",,1,"STAGE1",false,554,"NORMAL",0,""
"dedenne",702,"NORMAL","Dedenne",,0,"BASIC",false,,,0,""
"deerling",585,"NORMAL","Deerling",,0,"BASIC",false,,,0,""
"deerling",586,"NORMAL","Sawsbuck",,1,"STAGE1",false,585,"NORMAL",0,""
"deino",633,"NORMAL","Deino",,0,"BASIC",false,,,0,""
"deino",634,"NORMAL","Zweilous",,1,"STAGE1",false,633,"NORMAL",0,""
"deino",635,"NORMAL","Hydreigon",,2,"STAGE2",false,634,"NORMAL",0,""
"delibird",225,"NORMAL","Delibird",,0,"BASIC",false,,,0,""
"deoxys",386,"NORMAL","Deoxys",,0,"BASIC",false,,,0,""
"dewpider",751,"NORMAL","Dewpider",,0,"BASIC",false,,,0,""
"dewpider",752,"NORMAL","Araquanid",,1,"STAGE1",false,751,"NORMAL",0,""
"dhelmise",781,"NORMAL","Dhelmise",,0,"BASIC",false,,,0,""
"dialga",483,"NORMAL","Dialga",,0,"BASIC",false,,,0,""
"diancie",719,"NORMAL","Diancie",,0,"BASIC",false,,,0,""
"diglett",50,"NORMAL","Diglett",,0,"BASIC",false,,,0,""
"diglett",51,"NORMAL","Dugtrio",,1,"STAGE1",false,50,"NORMAL",0,""
"ditto",132,"NORMAL","Ditto",,0,"BASIC",false,,,0,""
"doduo",84,"NORMAL","Doduo",,0,"BASIC",false,,,0,""
"doduo",85,"NORMAL","Dodrio",,1,"STAGE1",false,84,"NORMAL",0,""
"dondozo",977,"NORMAL","Dondozo",,0,"BASIC",false,,,0,""
"dracovish",882,"NORMAL","Dracovish",,0,"BASIC",false,,,0,""
"dracozolt",880,"NORMAL","Dracozolt",,0,"BASIC",false,,,0,""
"drampa",780,"NORMAL","Drampa",,0,"BASIC",false,,,0,""
"dratini",147,"NORMAL","Dratini",,0,"BASIC",false,,,0,""
"dratini",148,"NORMAL","Dragonair",,1,"STAGE1",false,147,"NORMAL",0,""
"dratini",149,"NORMAL","Dragonite",,2,"STAGE2",false,148,"NORMAL",0,""
"dreepy",885,"NORMAL","Dreepy",,0,"BASIC",false,,,0,""
"dreepy",886,"NORMAL","Drakloak",,1,"STAGE1",false,885,"NORMAL",0,""
"dreepy",887,"NORMAL","Dragapult",,2,"STAGE2",false,886,"NORMAL",0,""
"drifloon",425,"NORMAL","Drifloon",,0,"BASIC",false,,,0,""
"drifloon",426,"NORMAL","Drifblim",,1,"STAGE1",false,425,"NORMAL",0,""
"drilbur",529,"NORMAL","Drilbur",,0,"BASIC",false,,,0,""
"drilbur",530,"NORMAL","Excadrill",,1,"STAGE1",false,529,"NORMAL",0,""
"drowzee",96,"NORMAL","Drowzee",,0,"BASIC",false,,,0,""
"drowzee",97,"NORMAL","Hypno",,1,"STAGE1",false,96,"NORMAL",0,""
"druddigon",621,"NORMAL","Druddigon",,0,"BASIC",false,,,0,""
"ducklett",580,"NORMAL","Ducklett",,0,"BASIC",false,,,0,""
"ducklett",581,"NORMAL","Swanna",,1,"STAGE1",false,580,"NORMAL",0,""
"dunsparce",206,"NORMAL","Dunsparce",,0,"BASIC",false,,,0,""
"dunsparce",982,"NORMAL","Dudunsparce",,1,"STAGE1",false,206,"NORMAL",0,""
"duraludon",884,"NORMAL","Duraludon",,0,"BASIC",false,,,0,""
"duraludon",1018,"NORMAL","Archaludon",,1,"STAGE1",false,884,"NORMAL",0,""
"durant",632,"NORMAL","Durant",,0,"BASIC",false,,,0,""
"duskull",355,"NORMAL","Duskull",,0,"BASIC",false,,,0,""
"duskull",356,"NORMAL","Dusclops",,1,"STAGE1",false,355,"NORMAL",0,""
"duskull",477,"NORMAL","Dusknoir",,2,"STAGE2",false,356,"NORMAL",0,""
"dwebble",557,"NORMAL","Dwebble",,0,"BASIC",false,,,0,""
"dwebble",558,"NORMAL","Crustle",,1,"STAGE1",false,557,"NORMAL",0,""
"eevee",133,"NORMAL","Eevee",,0,"BASIC",false,,,0,""
"eevee",134,"NORMAL","Vaporeon",,1,"STAGE1",false,133,"NORMAL",0,""
"eevee",135,"NORMAL","Jolteon",,1,"STAGE1",false,133,"NORMAL",1,""
"eevee",136,"NORMAL","Flareon",,1,"STAGE1",false,133,"NORMAL",2,""
"eevee",196,"NORMAL","Espeon",,1,"STAGE1",false,133,"NORMAL",3,""
"eevee",197,"NORMAL","Umbreon",,1,"STAGE1",false,133,"NORMAL",4,""
"eevee",470,"NORMAL","Leafeon",,1,"STAGE1",false,133,"NORMAL",5,""
"eevee",471,"NORMAL","Glaceon",,1,"STAGE1",false,133,"NORMAL",6,""
"eevee",700,"NORMAL","Sylveon",,1,"STAGE1",false,133,"NORMAL",7,""
"eiscue",875,"NORMAL","Eiscue",,0,"BASIC",false,,,0,""
"ekans",23,"NORMAL","Ekans",,0,"BASIC",false,,,0,""
"ekans",24,"NORMAL","Arbok",,1,"STAGE1",false,23,"NORMAL",0,""
"electrike",309,"NORMAL","Electrike",,0,"BASIC",false,,,0,""
"electrike",310,"NORMAL","Manectric",,1,"STAGE1",false,309,"NORMAL",0,""
"elekid",239,"NORMAL","Elekid",,0,"BASIC",true,,,0,""
"elekid",125,"NORMAL","Electabuzz",,1,"STAGE1",false,239,"NORMAL",0,""
"elekid",466,"NORMAL","Electivire",,2,"STAGE2",false,125,"NORMAL",0,""
"elgyem",605,"NORMAL","Elgyem",,0,"BASIC",false,,,0,""
"elgyem",606,"NORMAL","Beheeyem",,1,"STAGE1",false,605,"NORMAL",0,""
"emolga",587,"NORMAL","Emolga",,0,"BASIC",false,,,0,""
"enamorus",905,"NORMAL","Enamorus",,0,"BASIC",false,,,0,""
"entei",244,"NORMAL","Entei",,0,"BASIC",false,,,0,""
"espurr",677,"NORMAL","Espurr",,0,"BASIC",false,,,0,""
"espurr",678,"NORMAL","Meowstic",,1,"STAGE1",false,677,"NORMAL",0,""
"eternatus",890,"NORMAL","Eternatus",,0,"BASIC",false,,,0,""
"exeggcute",102,"NORMAL","Exeggcute",,0,"BASIC",false,,,0,""
"exeggcute",103,"NORMAL","Exeggutor",,1,"STAGE1",false,102,"NORMAL",0,""
"falinks",870,"NORMAL","Falinks",,0,"BASIC",false,,,0,""
"farfetchd",83,"NORMAL","Farfetch’d",,0,"BASIC",false,,,0,""
"farfetchd",865,"NORMAL","Sirfetch’d",,1,"STAGE1",false,83,"NORMAL",0,""
"feebas",349,"NORMAL","Feebas",,0,"BASIC",false,,,0,""
"feebas",350,"NORMAL","Milotic",,1,"STAGE1",false,349,"NORMAL",0,""
"fennekin",653,"NORMAL","Fennekin",,0,"BASIC",false,,,0,""
"fennekin",654,"NORMAL","Braixen",,1,"STAGE1",false,653,"NORMAL",0,""
"fennekin",655,"NORMAL","Delphox",,2,"STAGE2",false,654,"NORMAL",0,""
"ferroseed",597,"NORMAL","Ferroseed",,0,"BASIC",false,,,0,""
"ferroseed",598,"NORMAL","Ferrothorn",,1,"STAGE1",false,597,"NORMAL",0,""
"fezandipiti",1016,"NORMAL","Fezandipiti",,0,"BASIC",false,,,0,""
"fidough",926,"NORMAL","Fidough",,0,"BASIC",false,,,0,""
"fidough",927,"NORMAL","Dachsbun",,1,"STAGE1",false,926,"NORMAL",0,""
"finizen",963,"NORMAL","Finizen",,0,"BASIC",false,,,0,""
"finizen",964,"NORMAL","Palafin",,1,"STAGE1",false,963,"NORMAL",0,""
"finneon",456,"NORMAL","Finneon",,0,"BASIC",false,,,0,""
"finneon",457,"NORMAL","Lumineon",,1,"STAGE1",false,456,"NORMAL",0,""
"flabebe",669,"NORMAL","Flabébé",,0,"BASIC",false,,,0,""
"flabebe",670,"NORMAL","Floette",,1,"STAGE1",false,669,"NORMAL",0,""
"flabebe",671,"NORMAL","Florges",,2,"STAGE2",false,670,"NORMAL",0,""
"flamigo",973,"NORMAL","Flamigo",,0,"BASIC",false,,,0,""
"fletchling",661,"NORMAL","Fletchling",,0,"BASIC",false,,,0,""
"fletchling",662,"NORMAL","Fletchinder",,1,"STAGE1",false,661,"NORMAL",0,""
"fletchling",663,"NORMAL","Talonflame",,2,"STAGE2",false,662,"NORMAL",0,""
"flittle",955,"NORMAL","Flittle",,0,"BASIC",false,,,0,""
"flittle",956,"NORMAL","Espathra",,1,"STAGE1",false,955,"NORMAL",0,""
"flutter-mane",987,"NORMAL","Flutter Mane",,0,"BASIC",false,,,0,""
"fomantis",753,"NORMAL","Fomantis",,0,"BASIC",false,,,0,""
"fomantis",754,"NORMAL","Lurantis",,1,"STAGE1",false,753,"NORMAL",0,""
"foongus",590,"NORMAL","Foongus",,0,"BASIC",false,,,0,""
"foongus",591,"NORMAL","Amoonguss",,1,"STAGE1",false,590,"NORMAL",0,""
"frigibax",996,"NORMAL","Frigibax",,0,"BASIC",false,,,0,""
"frigibax",997,"NORMAL","Arctibax",,1,"STAGE1",false,996,"NORMAL",0,""
"frigibax",998,"NORMAL","Baxcalibur",,2,"STAGE2",false,997,"NORMAL",0,""
"frillish",592,"NORMAL","Frillish",,0,"BASIC",false,,,0,""
"frillish",593,"NORMAL","Jellicent",,1,"STAGE1",false,592,"NORMAL",0,""
"froakie",656,"NORMAL","Froakie",,0,"BASIC",false,,,0,""
"froakie",657,"NORMAL","Frogadier",,1,"STAGE1",false,656,"NORMAL",0,""
"froakie",658,"NORMAL","Greninja",,2,"STAGE2",false,657,"NORMAL",0,""
"fuecoco",909,"NORMAL","Fuecoco",,0,"BASIC",false,,,0,""
"fuecoco",910,"NORMAL","Crocalor",,1,"STAGE1",false,909,"NORMAL",0,""
"fuecoco",911,"NORMAL","Skeledirge",,2,"STAGE2",false,910,"NORMAL",0,""
"furfrou",676,"NORMAL","Furfrou",,0,"BASIC",false,,,0,""
"gastly",92,"NORMAL","Gastly",,0,"BASIC",false,,,0,""
"gastly",93,"NORMAL","Haunter",,1,"STAGE1",false,92,"NORMAL",0,""
"gastly",94,"NORMAL","Gengar",,2,"STAGE2",false,93,"NORMAL",0,""
"genesect",649,"NORMAL","Genesect",,0,"BASIC",false,,,0,""
"geodude",74,"NORMAL","Geodude",,0,"BASIC",false,,,0,""
"geodude",75,"NORMAL","Graveler",,1,"STAGE1",false,74,"NORMAL",0,""
"geodude",76,"NORMAL","Golem",,2,"STAGE2",false,75,"NORMAL",0,""
"gible",443,"NORMAL","Gible",,0,"BASIC",false,,,0,""
"gible",444,"NORMAL","Gabite",,1,"STAGE1",false,443,"NORMAL",0,""
"gible",445,"NORMAL","Garchomp",,2,"STAGE2",false,444,"NORMAL",0,""
"gimmighoul",999,"NORMAL","Gimmighoul",,0,"BASIC",false,,,0,""
"gimmighoul",1000,"NORMAL","Gholdengo",,1,"STAGE1",false,999,"NORMAL",0,""
"girafarig",203,"NORMAL","Girafarig",,0,"BASIC",false,,,0,""
"girafarig",981,"NORMAL","Farigiraf",,1,"STAGE1",false,203,"NORMAL",0,""
"giratina",487,"NORMAL","Giratina",,0,"BASIC",false,,,0,""
"glameow",431,"NORMAL","Glameow",,0,"BASIC",false,,,0,""
"glameow",432,"NORMAL","Purugly",,1,"STAGE1",false,431,"NORMAL",0,""
"glastrier",896,"NORMAL","Glastrier",,0,"BASIC",false,,,0,""
"gligar",207,"NORMAL","Gligar",,0,"BASIC",false,,,0,""
"gligar",472,"NORMAL","Gliscor",,1,"STAGE1",false,207,"NORMAL",0,""
"glimmet",969,"NORMAL","Glimmet",,0,"BASIC",false,,,0,""
"glimmet",970,"NORMAL","Glimmora",,1,"STAGE1",false,969,"NORMAL",0,""
"goldeen",118,"NORMAL","Goldeen",,0,"BASIC",false,,,0,""
"goldeen",119,"NORMAL","Seaking",,1,"STAGE1",false,118,"NORMAL",0,""
"golett",622,"NORMAL","Golett",,0,"BASIC",false,,,0,""
"golett",623,"NORMAL","Golurk",,1,"STAGE1",false,622,"NORMAL",0,""
"goomy",704,"NORMAL","Goomy",,0,"BASIC",false,,,0,""
"goomy",705,"NORMAL","Sliggoo",,1,"STAGE1",false,704,"NORMAL",0,""
"goomy",706,"NORMAL","Goodra",,2,"STAGE2",false,705,"NORMAL",0,""
"gossifleur",829,"NORMAL","Gossifleur",,0,"BASIC",false,,,0,""
"gossifleur",830,"NORMAL","Eldegoss",,1,"STAGE1",false,829,"NORMAL",0,""
"gothita",574,"NORMAL","Gothita",,0,"BASIC",false,,,0,""
"gothita",575,"NORMAL","Gothorita",,1,"STAGE1",false,574,"NORMAL",0,""
"gothita",576,"NORMAL","Gothitelle",,2,"STAGE2",false,575,"NORMAL",0,""
"gouging-fire",1020,"NORMAL","Gouging Fire",,0,"BASIC",false,,,0,""
"great-tusk",984,"NORMAL","Great Tusk",,0,"BASIC",false,,,0,""
"greavard",971,"NORMAL","Greavard",,0,"BASIC",false,,,0,""
"greavard",972,"NORMAL","Houndstone",,1,"STAGE1",false,971,"NORMAL",0,""
"grimer",88,"NORMAL","Grimer",,0,"BASIC",false,,,0,""
"grimer",89,"NORMAL","Muk",,1,"STAGE1",false,88,"NORMAL",0,""
"grookey",810,"NORMAL","Grookey",,0,"BASIC",false,,,0,""
"grookey",811,"NORMAL","Thwackey",,1,"STAGE1",false,810,"NORMAL",0,""
"grookey",812,"NORMAL","Rillaboom",,2,"STAGE2",false,811,"NORMAL",0,""
"groudon",383,"NORMAL","Groudon",,0,"BASIC",false,,,0,""
"growlithe",58,"NORMAL","Growlithe",,0,"BASIC",false,,,0,""
"growlithe",59,"NORMAL","Arcanine",,1,"STAGE1",false,58,"NORMAL",0,""
"grubbin",736,"NORMAL","Grubbin",,0,"BASIC",false,,,0,""
"grubbin",737,"NORMAL","Charjabug",,1,"STAGE1",false,736,"NORMAL",0,""
"grubbin",738,"NORMAL","Vikavolt",,2,"STAGE2",false,737,"NORMAL",0,""
"gulpin",316,"NORMAL","Gulpin",,0,"BASIC",false,,,0,""
"gulpin",317,"NORMAL","Swalot",,1,"STAGE1",false,316,"NORMAL",0,""
"guzzlord",799,"NORMAL","Guzzlord",,0,"BASIC",false,,,0,""
"happiny",440,"NORMAL","Happiny",,0,"BASIC",true,,,0,""
"happiny",113,"NORMAL","Chansey",,1,"STAGE1",false,440,"NORMAL",0,""
"happiny",242,"NORMAL","Blissey",,2,"STAGE2",false,113,"NORMAL",0,""
"hatenna",856,"NORMAL","Hatenna",,0,"BASIC",false,,,0,""
"hatenna",857,"NORMAL","Hattrem",,1,"STAGE1",false,856,"NORMAL",0,""
"hatenna",858,"NORMAL","Hatterene",,2,"STAGE2",false,857,"NORMAL",0,""
"hawlucha",701,"NORMAL","Hawlucha",,0,"BASIC",false,,,0,""
"heatmor",631,"NORMAL","Heatmor",,0,"BASIC",false,,,0,""
"heatran",485,"NORMAL","Heatran",,0,"BASIC",false,,,0,""
"helioptile",694,"NORMAL","Helioptile",,0,"BASIC",false,,,0,""
"helioptile",695,"NORMAL","Heliolisk",,1,"STAGE1",false,694,"NORMAL",0,""
"heracross",214,"NORMAL","Heracross",,0,"BASIC",false,,,0,""
"hippopotas",449,"NORMAL","Hippopotas",,0,"BASIC",false,,,0,""
"hippopotas",450,"NORMAL","Hippowdon",,1,"STAGE1",false,449,"NORMAL",0,""
"ho-oh",250,"NORMAL","Ho-Oh",,0,"BASIC",false,,,0,""
"honedge",679,"NORMAL","Honedge",,0,"BASIC",false,,,0,""
"honedge",680,"NORMAL","Doublade",,1,"STAGE1",false,679,"NORMAL",0,""
"honedge",681,"NORMAL","Aegislash",,2,"STAGE2",false,680,"NORMAL",0,""
"hoopa",720,"NORMAL","Hoopa",,0,"BASIC",false,,,0,""
"hoothoot",163,"NORMAL","Hoothoot",,0,"BASIC",false,,,0,""
"hoothoot",164,"NORMAL","Noctowl",,1,"STAGE1",false,163,"NORMAL",0,""
"hoppip",187,"NORMAL","Hoppip",,0,"BASIC",false,,,0,""
"hoppip",188,"NORMAL","Skiploom",,1,"STAGE1",false,187,"NORMAL",0,""
"hoppip",189,"NORMAL","Jumpluff",,2,"STAGE2",false,188,"NORMAL",0,""
"horsea",116,"NORMAL","Horsea",,0,"BASIC",false,,,0,""
"horsea",117,"NORMAL","Seadra",,1,"STAGE1",false,116,"NORMAL",0,""
"horsea",230,"NORMAL","Kingdra",,2,"STAGE2",false,117,"NORMAL",0,""
"houndour",228,"NORMAL","Houndour",,0,"BASIC",false,,,0,""
"houndour",229,"NORMAL","Houndoom",,1,"STAGE1",false,228,"NORMAL",0,""
"igglybuff",174,"NORMAL","Igglybuff",,0,"BASIC",true,,,0,""
"igglybuff",39,"NORMAL","Jigglypuff",,1,"STAGE1",false,174,"NORMAL",0,""
"igglybuff",40,"NORMAL","Wigglytuff",,2,"STAGE2",false,39,"NORMAL",0,""
"illumise",314,"NORMAL","Illumise",,0,"BASIC",false,,,0,""
"impidimp",859,"NORMAL","Impidimp",,0,"BASIC",false,,,0,""
"impidimp",860,"NORMAL","Morgrem",,1,"STAGE1",false,859,"NORMAL",0,""
"impidimp",861,"NORMAL","Grimmsnarl",,2,"STAGE2",false,860,"NORMAL",0,""
"indeedee",876,"NORMAL","Indeedee",,0,"BASIC",false,,,0,""
"inkay",686,"NORMAL","Inkay",,0,"BASIC",false,,,0,""
"inkay",687,"NORMAL","Malamar",,1,"STAGE1",false,686,"NORMAL",0,""
"iron-boulder",1022,"NORMAL","Iron Boulder",,0,"BASIC",false,,,0,""
"iron-bundle",991,"NORMAL","Iron Bundle",,0,"BASIC",false,,,0,""
"iron-crown",1023,"NORMAL","Iron Crown",,0,"BASIC",false,,,0,""
"iron-hands",992,"NORMAL","Iron Hands",,0,"BASIC",false,,,0,""
"iron-jugulis",993,"NORMAL","Iron Jugulis",,0,"BASIC",false,,,0,""
"iron-leaves",1010,"NORMAL","Iron Leaves",,0,"BASIC",false,,,0,""
"iron-moth",994,"NORMAL","Iron Moth",,0,"BASIC",false,,,0,""
"iron-thorns",995,"NORMAL","Iron Thorns",,0,"BASIC",false,,,0,""
"iron-treads",990,"NORMAL","Iron Treads",,0,"BASIC",false,,,0,""
"iron-valiant",1006,"NORMAL","Iron Valiant",,0,"BASIC",false,,,0,""
"jangmo-o",782,"NORMAL","Jangmo-o",,0,"BASIC",false,,,0,""
"jangmo-o",783,"NORMAL","Hakamo-o",,1,"STAGE1",false,782,"NORMAL",0,""
"jangmo-o",784,"NORMAL","Kommo-o",,2,"STAGE2",false,783,"NORMAL",0,""
"jirachi",385,"NORMAL","Jirachi",,0,"BASIC",false,,,0,""
"joltik",595,"NORMAL","Joltik",,0,"BASIC",false,,,0,""
"joltik",596,"NORMAL","Galvantula",,1,"STAGE1",false,595,"NORMAL",0,""
"kabuto",140,"NORMAL","Kabuto",,0,"BASIC",false,,,0,""
"kabuto",141,"NORMAL","Kabutops",,1,"STAGE1",false,140,"NORMAL",0,""
"kangaskhan",115,"NORMAL","Kangaskhan",,0,"BASIC",false,,,0,""
"karrablast",588,"NORMAL","Karrablast",,0,"BASIC",false,,,0,""
"karrablast",589,"NORMAL","Escavalier",,1,"STAGE1",false,588,"NORMAL",0,""
"kartana",798,"NORMAL","Kartana",,0,"BASIC",false,,,0,""
"kecleon",352,"NORMAL","Kecleon",,0,"BASIC",false,,,0,""
"keldeo",647,"NORMAL","Keldeo",,0,"BASIC",false,,,0,""
"klawf",950,"NORMAL","Klawf",,0,"BASIC",false,,,0,""
"klefki",707,"NORMAL","Klefki",,0,"BASIC",false,,,0,""
"klink",599,"NORMAL","Klink",,0,"BASIC",false,,,0,""
"klink",600,"NORMAL","Klang",,1,"STAGE1",false,599,"NORMAL",0,""
"klink",601,"NORMAL","Klinklang",,2,"STAGE2",false,600,"NORMAL",0,""
"koffing",109,"NORMAL","Koffing",,0,"BASIC",false,,,0,""
"koffing",110,"NORMAL","Weezing",,1,"STAGE1",false,109,"NORMAL",0,""
"komala",775,"NORMAL","Komala",,0,"BASIC",false,,,0,""
"koraidon",1007,"NORMAL","Koraidon",,0,"BASIC",false,,,0,""
"krabby",98,"NORMAL","Krabby",,0,"BASIC",false,,,0,""
"krabby",99,"NORMAL","Kingler",,1,"STAGE1",false,98,"NORMAL",0,""
"kricketot",401,"NORMAL","Kricketot",,0,"BASIC",false,,,0,""
"kricketot",402,"NORMAL","Kricketune",,1,"STAGE1",false,401,"NORMAL",0,""
"kubfu",891,"NORMAL","Kubfu",,0,"BASIC",false,,,0,""
"kubfu",892,"NORMAL","Urshifu",,1,"STAGE1",false,891,"NORMAL",0,""
"kyogre",382,"NORMAL","Kyogre",,0,"BASIC",false,,,0,""
"kyurem",646,"NORMAL","Kyurem",,0,"BASIC",false,,,0,""
"landorus",645,"NORMAL","Landorus",,0,"BASIC",false,,,0,""
"lapras",131,"NORMAL","Lapras",,0,"BASIC",false,,,0,""
"larvesta",636,"NORMAL","Larvesta",,0,"BASIC",false,,,0,""
"larvesta",637,"NORMAL","Volcarona",,1,"STAGE1",false,636,"NORMAL",0,""
"larvitar",246,"NORMAL","Larvitar",,0,"BASIC",false,,,0,""
"larvitar",247,"NORMAL","Pupitar",,1,"STAGE1",false,246,"NORMAL",0,""
"larvitar",248,"NORMAL","Tyranitar",,2,"STAGE2",false,247,"NORMAL",0,""
"latias",380,"NORMAL","Latias",,0,"BASIC",false,,,0,""
"latios",381,"NORMAL","Latios",,0,"BASIC",false,,,0,""
"lechonk",915,"NORMAL","Lechonk",,0,"BASIC",false,,,0,""
"lechonk",916,"NORMAL","Oinkologne",,1,"STAGE1",false,915,"NORMAL",0,""
"ledyba",165,"NORMAL","Ledyba",,0,"BASIC",false,,,0,""
"ledyba",166,"NORMAL","Ledian",,1,"STAGE1",false,165,"NORMAL",0,""
"lickitung",108,"NORMAL","Lickitung",,0,"BASIC",false,,,0,""
"lickitung",463,"NORMAL","Lickilicky",,1,"STAGE1",false,108,"NORMAL",0,""
"lileep",345,"NORMAL","Lileep",,0,"BASIC",false,,,0,""
"lileep",346,"NORMAL","Cradily",,1,"STAGE1",false,345,"NORMAL",0,""
"lillipup",506,"NORMAL","Lillipup",,0,"BASIC",false,,,0,""
"lillipup",507,"NORMAL","Herdier",,1,"STAGE1",false,506,"NORMAL",0,""
"lillipup",508,"NORMAL","Stoutland",,2,"STAGE2",false,507,"NORMAL",0,""
"litleo",667,"NORMAL","Litleo",,0,"BASIC",false,,,0,""
"litleo",668,"NORMAL","Pyroar",,1,"STAGE1",false,667,"NORMAL",0,""
"litten",725,"NORMAL","Litten",,0,"BASIC",false,,,0,""
"litten",726,"NORMAL","Torracat",,1,"STAGE1",false,725,"NORMAL",0,""
"litten",727,"NORMAL","Incineroar",,2,"STAGE2",false,726,"NORMAL",0,""
"litwick",607,"NORMAL","Litwick",,0,"BASIC",false,,,0,""
"litwick",608,"NORMAL","Lampent",,1,"STAGE1",false,607,"NORMAL",0,""
"litwick",609,"NORMAL","Chandelure",,2,"STAGE2",false,608,"NORMAL",0,""
"lotad",270,"NORMAL","Lotad",,0,"BASIC",false,,,0,""
"lotad",271,"NORMAL","Lombre",,1,"STAGE1",false,270,"NORMAL",0,""
"lotad",272,"NORMAL","Ludicolo",,2,"STAGE2",false,271,"NORMAL",0,""
"lugia",249,"NORMAL","Lugia",,0,"BASIC",false,,,0,""
"lunatone",337,"NORMAL","Lunatone",,0,"BASIC",false,,,0,""
"luvdisc",370,"NORMAL","Luvdisc",,0,"BASIC",false,,,0,""
"machop",66,"NORMAL","Machop",,0,"BASIC",false,,,0,""
"machop",67,"NORMAL","Machoke",,1,"STAGE1",false,66,"NORMAL",0,""
"machop",68,"NORMAL","Machamp",,2,"STAGE2",false,67,"NORMAL",0,""
"magby",240,"NORMAL","Magby",,0,"BASIC",true,,,0,""
"magby",126,"NORMAL","Magmar",,1,"STAGE1",false,240,"NORMAL",0,""
"magby",467,"NORMAL","Magmortar",,2,"STAGE2",false,126,"NORMAL",0,""
"magearna",801,"NORMAL","Magearna",,0,"BASIC",false,,,0,""
"magikarp",129,"NORMAL","Magikarp",,0,"BASIC",false,,,0,""
"magikarp",130,"NORMAL","Gyarados",,1,"STAGE1",false,129,"NORMAL",0,""
"magnemite",81,"NORMAL","Magnemite",,0,"BASIC",false,,,0,""
"magnemite",82,"NORMAL","Magneton",,1,"STAGE1",false,81,"NORMAL",0,""
"magnemite",462,"NORMAL","Magnezone",,2,"STAGE2",false,82,"NORMAL",0,""
"makuhita",296,"NORMAL","Makuhita",,0,"BASIC",false,,,0,""
"makuhita",297,"NORMAL","Hariyama",,1,"STAGE1",false,296,"NORMAL",0,""
"mankey",56,"NORMAL","Mankey",,0,"BASIC",false,,,0,""
"mankey",57,"NORMAL","Primeape",,1,"STAGE1",false,56,"NORMAL",0,""
"mankey",979,"NORMAL","Annihilape",,2,"STAGE2",false,57,"NORMAL",0,""
"mantyke",458,"NORMAL","Mantyke",,0,"BASIC",true,,,0,""
"mantyke",226,"NORMAL","Mantine",,1,"STAGE1",false,458,"NORMAL",0,""
"maractus",556,"NORMAL","Maractus",,0,"BASIC",false,,,0,""
"mareanie",747,"NORMAL","Mareanie",,0,"BASIC",false,,,0,""
"mareanie",748,"NORMAL","Toxapex",,1,"STAGE1",false,747,"NORMAL",0,""
"mareep",179,"NORMAL","Mareep",,0,"BASIC",false,,,0,""
"mareep",180,"NORMAL","Flaaffy",,1,"STAGE1",false,179,"NORMAL",0,""
"mareep",181,"NORMAL","Ampharos",,2,"STAGE2",false,180,"NORMAL",0,""
"marshadow",802,"NORMAL","Marshadow",,0,"BASIC",false,,,0,""
"maschiff",942,"NORMAL","Maschiff",,0,"BASIC",false,,,0,""
"maschiff",943,"NORMAL","Mabosstiff",,1,"STAGE1",false,942,"NORMAL",0,""
"mawile",303,"NORMAL","Mawile",,0,"BASIC",false,,,0,""
"meditite",307,"NORMAL","Meditite",,0,"BASIC",false,,,0,""
"meditite",308,"NORMAL","Medicham",,1,"STAGE1",false,307,"NORMAL",0,""
"melmetal",809,"NORMAL","Melmetal",,0,"BASIC",false,,,0,""
"meloetta",648,"NORMAL","Meloetta",,0,"BASIC",false,,,0,""
"meltan",808,"NORMAL","Meltan",,0,"BASIC",false,,,0,""
"meowth",52,"NORMAL","Meowth",,0,"BASIC",false,,,0,""
"meowth",53,"NORMAL","Persian",,1,"STAGE1",false,52,"NORMAL",0,""
"meowth",863,"NORMAL","Perrserker",,1,"STAGE1",false,52,"NORMAL",1,""
"mesprit",481,"NORMAL","Mesprit",,0,"BASIC",false,,,0,""
"mew",151,"NORMAL","Mew",,0,"BASIC",false,,,0,""
"mewtwo",150,"NORMAL","Mewtwo",,0,"BASIC",false,,,0,""
"mienfoo",619,"NORMAL","Mienfoo",,0,"BASIC",false,,,0,""
"mienfoo",620,"NORMAL","Mienshao",,1,"STAGE1",false,619,"NORMAL",0,""
"milcery",868,"NORMAL","Milcery",,0,"BASIC",false,,,0,""
"milcery",869,"NORMAL","Alcremie",,1,"STAGE1",false,868,"NORMAL",0,""
"miltank",241,"NORMAL","Miltank",,0,"BASIC",false,,,0,""
"mime-jr",439,"NORMAL","Mime Jr.",,0,"BASIC",true,,,0,""
"mime-jr",122,"NORMAL","Mr. Mime",,1,"STAGE1",false,439,"NORMAL",0,""
"mime-jr",866,"NORMAL","Mr. Rime",,2,"STAGE2",false,122,"NORMAL",0,""
"mimikyu",778,"NORMAL","Mimikyu",,0,"BASIC",false,,,0,""
"minccino",572,"NORMAL","Minccino",,0,"BASIC",false,,,0,""
"minccino",573,"NORMAL","Cinccino",,1,"STAGE1",false,572,"NORMAL",0,""
"minior",774,"NORMAL","Minior",,0,"BASIC",false,,,0,""
"minun",312,"NORMAL","Minun",,0,"BASIC",false,,,0,""
"miraidon",1008,"NORMAL","Miraidon",,0,"BASIC",false,,,0,""
"misdreavus",200,"NORMAL","Misdreavus",,0,"BASIC",false,,,0,""
"misdreavus",429,"NORMAL","Mismagius",,1,"STAGE1",false,200,"NORMAL",0,""
"moltres",146,"NORMAL","Moltres",,0,"BASIC",false,,,0,""
"morelull",755,"NORMAL","Morelull",,0,"BASIC",false,,,0,""
"morelull",756,"NORMAL","Shiinotic",,1,"STAGE1",false,755,"NORMAL",0,""
"morpeko",877,"NORMAL","Morpeko",,0,"BASIC",false,,,0,""
"mudbray",749,"NORMAL","Mudbray",,0,"BASIC",false,,,0,""
"mudbray",750,"NORMAL","Mudsdale",,1,"STAGE1",false,749,"NORMAL",0,""
"mudkip",258,"NORMAL","Mudkip",,0,"BASIC",false,,,0,""
"mudkip",259,"NORMAL","Marshtomp",,1,"STAGE1",false,258,"NORMAL",0,""
"mudkip",260,"NORMAL","Swampert",,2,"STAGE2",false,259,"NORMAL",0,""
"munchlax",446,"NORMAL","Munchlax",,0,"BASIC",true,,,0,""
"munchlax",143,"NORMAL","Snorlax",,1,"STAGE1",false,446,"NORMAL",0,""
"munkidori",1015,"NORMAL","Munkidori",,0,"BASIC",false,,,0,""
"munna",517,"NORMAL","Munna",,0,"BASIC",false,,,0,""
"munna",518,"NORMAL","Musharna",,1,"STAGE1",false,517,"NORMAL",0,""
"murkrow",198,"NORMAL","Murkrow",,0,"BASIC",false,,,0,""
"murkrow",430,"NORMAL","Honchkrow",,1,"STAGE1",false,198,"NORMAL",0,""
"nacli",932,"NORMAL","Nacli",,0,"BASIC",false,,,0,""
"nacli",933,"NORMAL","Naclstack",,1,"STAGE1",false,932,"NORMAL",0,""
"nacli",934,"NORMAL","Garganacl",,2,"STAGE2",false,933,"NORMAL",0,""
"natu",177,"NORMAL","Natu",,0,"BASIC",false,,,0,""
"natu",178,"NORMAL","Xatu",,1,"STAGE1",false,177,"NORMAL",0,""
"necrozma",800,"NORMAL","Necrozma",,0,"BASIC",false,,,0,""
"nickit",827,"NORMAL","Nickit",,0,"BASIC",false,,,0,""
"nickit",828,"NORMAL","Thievul",,1,"STAGE1",false,827,"NORMAL",0,""
"nidoran-f",29,"NORMAL","Nidoran♀",,0,"BASIC",false,,,0,""
"nidoran-f",30,"NORMAL","Nidorina",,1,"STAGE1",false,29,"NORMAL",0,""
"nidoran-f",31,"NORMAL","Nidoqueen",,2,"STAGE2",false,30,"NORMAL",0,""
"nidoran-m",32,"NORMAL","Nidoran♂",,0,"BASIC",false,,,0,""
"nidoran-m",33,"NORMAL","Nidorino",,1,"STAGE1",false,32,"NORMAL",0,""
"nidoran-m",34,"NORMAL","Nidoking",,2,"STAGE2",false,33,"NORMAL",0,""
"nihilego",793,"NORMAL","Nihilego",,0,"BASIC",false,,,0,""
"nincada",290,"NORMAL","Nincada",,0,"BASIC",false,,,0,""
"nincada",291,"NORMAL","Ninjask",,1,"STAGE1",false,290,"NORMAL",0,""
"nincada",292,"NORMAL","Shedinja",,1,"STAGE1",false,290,"NORMAL",1,""
"noibat",714,"NORMAL","Noibat",,0,"BASIC",false,,,0,""
"noibat",715,"NORMAL","Noivern",,1,"STAGE1",false,714,"NORMAL",0,""
"nosepass",299,"NORMAL","Nosepass",,0,"BASIC",false,,,0,""
"nosepass",476,"NORMAL","Probopass",,1,"STAGE1",false,299,"NORMAL",0,""
"numel",322,"NORMAL","Numel",,0,"BASIC",false,,,0,""
"numel",323,"NORMAL","Camerupt",,1,"STAGE1",false,322,"NORMAL",0,""
"nymble",919,"NORMAL","Nymble",,0,"BASIC",false,,,0,""
"nymble",920,"NORMAL","Lokix",,1,"STAGE1",false,919,"NORMAL",0,""
"oddish",43,"NORMAL","Oddish",,0,"BASIC",false,,,0,""
"oddish",44,"NORMAL","Gloom",,1,"STAGE1",false,43,"NORMAL",0,""
"oddish",45,"NORMAL","Vileplume",,2,"STAGE2",false,44,"NORMAL",0,""
"oddish",182,"NORMAL","Bellossom",,2,"STAGE2",false,44,"NORMAL",1,""
"ogerpon",1017,"NORMAL","Ogerpon",,0,"BASIC",false,,,0,""
"okidogi",1014,"NORMAL","Okidogi",,0,"BASIC",false,,,0,""
"omanyte",138,"NORMAL","Omanyte",,0,"BASIC",false,,,0,""
"omanyte",139,"NORMAL","Omastar",,1,"STAGE1",false,138,"NORMAL",0,""
"onix",95,"NORMAL","Onix",,0,"BASIC",false,,,0,""
"onix",208,"NORMAL","Steelix",,1,"STAGE1",false,95,"NORMAL",0,""
"oranguru",765,"NORMAL","Oranguru",,0,"BASIC",false,,,0,""
"oricorio",741,"NORMAL","Oricorio",,0,"BASIC",false,,,0,""
"orthworm",968,"NORMAL","Orthworm",,0,"BASIC",false,,,0,""
"oshawott",501,"NORMAL","Oshawott",,0,"BASIC",false,,,0,""
"oshawott",502,"NORMAL","Dewott",,1,"STAGE1",false,501,"NORMAL",0,""
"oshawott",503,"NORMAL","Samurott",,2,"STAGE2",false,502,"NORMAL",0,""
"pachirisu",417,"NORMAL","Pachirisu",,0,"BASIC",false,,,0,""
"palkia",484,"NORMAL","Palkia",,0,"BASIC",false,,,0,""
"pancham",674,"NORMAL","Pancham",,0,"BASIC",false,,,0,""
"pancham",675,"NORMAL","Pangoro",,1,"STAGE1",false,674,"NORMAL",0,""
"panpour",515,"NORMAL","Panpour",,0,"BASIC",false,,,0,""
"panpour",516,"NORMAL","Simipour",,1,"STAGE1",false,515,"NORMAL",0,""
"pansage",511,"NORMAL","Pansage",,0,"BASIC",false,,,0,""
"pansage",512,"NORMAL","Simisage",,1,"STAGE1",false,511,"NORMAL",0,""
"pansear",513,"NORMAL","Pansear",,0,"BASIC",false,,,0,""
"pansear",514,"NORMAL","Simisear",,1,"STAGE1",false,513,"NORMAL",0,""
"paras",46,"NORMAL","Paras",,0,"BASIC",false,,,0,""
"paras",47,"NORMAL","Parasect",,1,"STAGE1",false,46,"NORMAL",0,""
"passimian",766,"NORMAL","Passimian",,0,"BASIC",false,,,0,""
"patrat",504,"NORMAL","Patrat",,0,"BASIC",false,,,0,""
"patrat",505,"NORMAL","Watchog",,1,"STAGE1",false,504,"NORMAL",0,""
"pawmi",921,"NORMAL","Pawmi",,0,"BASIC",false,,,0,""
"pawmi",922,"NORMAL","Pawmo",,1,"STAGE1",false,921,"NORMAL",0,""
"pawmi",923,"NORMAL","Pawmot",,2,"STAGE2",false,922,"NORMAL",0,""
"pawniard",624,"NORMAL","Pawniard",,0,"BASIC",false,,,0,""
"pawniard",625,"NORMAL","Bisharp",,1,"STAGE1",false,624,"NORMAL",0,""
"pawniard",983,"NORMAL","Kingambit",,2,"STAGE2",false,625,"NORMAL",0,""
"pecharunt",1025,"NORMAL","Pecharunt",,0,"BASIC",false,,,0,""
"petilil",548,"NORMAL","Petilil",,0,"BASIC",false,,,0,""
"petilil",549,"NORMAL","Lilligant",,1,"STAGE1",false,548,"NORMAL",0,""
"phanpy",231,"NORMAL","Phanpy",,0,"BASIC",false,,,0,""
"phanpy",232,"NORMAL","Donphan",,1,"STAGE1",false,231,"NORMAL",0,""
"phantump",708,"NORMAL","Phantump",,0,"BASIC",false,,,0,""
"phantump",709,"NORMAL","Trevenant",,1,"STAGE1",false,708,"NORMAL",0,""
"pheromosa",795,"NORMAL","Pheromosa",,0,"BASIC",false,,,0,""
"phione",489,"NORMAL","Phione",,0,"BASIC",false,,,0,""
"phione",490,"NORMAL","Manaphy",,1,"STAGE1",false,489,"NORMAL",0,""
"pichu",172,"NORMAL","Pichu",,0,"BASIC",true,,,0,""
"pichu",25,"NORMAL","Pikachu",,1,"STAGE1",false,172,"NORMAL",0,""
"pichu",26,"NORMAL","Raichu",,2,"STAGE2",false,25,"NORMAL",0,""
"pidgey",16,"NORMAL","Pidgey",,0,"BASIC",false,,,0,""
"pidgey",17,"NORMAL","Pidgeotto",,1,"STAGE1",false,16,"NORMAL",0,""
"pidgey",18,"NORMAL","Pidgeot",,2,"STAGE2",false,17,"NORMAL",0,""
"pidove",519,"NORMAL","Pidove",,0,"BASIC",false,,,0,""
"pidove",520,"NORMAL","Tranquill",,1,"STAGE1",false,519,"NORMAL",0,""
"pidove",521,"NORMAL","Unfezant",,2,"STAGE2",false,520,"NORMAL",0,""
"pikipek",731,"NORMAL","Pikipek",,0,"BASIC",false,,,0,""
"pikipek",732,"NORMAL","Trumbeak",,1,"STAGE1",false,731,"NORMAL",0,""
"pikipek",733,"NORMAL","Toucannon",,2,"STAGE2",false,732,"NORMAL",0,""
"pincurchin",871,"NORMAL","Pincurchin",,0,"BASIC",false,,,0,""
"pineco",204,"NORMAL","Pineco",,0,"BASIC",false,,,0,""
"pineco",205,"NORMAL","Forretress",,1,"STAGE1",false,204,"NORMAL",0,""
"pinsir",127,"NORMAL","Pinsir",,0,"BASIC",false,,,0,""
"piplup",393,"NORMAL","Piplup",,0,"BASIC",false,,,0,""
"piplup",394,"NORMAL","Prinplup",,1,"STAGE1",false,393,"NORMAL",0,""
"piplup",395,"NORMAL","Empoleon",,2,"STAGE2",false,394,"NORMAL",0,""
"plusle",311,"NORMAL","Plusle",,0,"BASIC",false,,,0,""
"poipole",803,"NORMAL","Poipole",,0,"BASIC",false,,,0,""
"poipole",804,"NORMAL","Naganadel",,1,"STAGE1",false,803,"NORMAL",0,""
"poliwag",60,"NORMAL","Poliwag",,0,"BASIC",false,,,0,""
"poliwag",61,"NORMAL","Poliwhirl",,1,"STAGE1",false,60,"NORMAL",0,""
"poliwag",62,"NORMAL","Poliwrath",,2,"STAGE2",false,61,"NORMAL",0,""
"poliwag",186,"NORMAL","Politoed",,2,"STAGE2",false,61,"NORMAL",1,""
"poltchageist",1012,"NORMAL","Poltchageist",,0,"BASIC",false,,,0,""
"poltchageist",1013,"NORMAL","Sinistcha",,1,"STAGE1",false,1012,"NORMAL",0,""
"ponyta",77,"NORMAL","Ponyta",,0,"BASIC",false,,,0,""
"ponyta",78,"NORMAL","Rapidash",,1,"STAGE1",false,77,"NORMAL",0,""
"poochyena",261,"NORMAL","Poochyena",,0,"BASIC",false,,,0,""
"poochyena",262,"NORMAL","Mightyena",,1,"STAGE1",false,261,"NORMAL",0,""
"popplio",728,"NORMAL","Popplio",,0,"BASIC",false,,,0,""
"popplio",729,"NORMAL","Brionne",,1,"STAGE1",false,728,"NORMAL",0,""
"popplio",730,"NORMAL","Primarina",,2,"STAGE2",false,729,"NORMAL",0,""
"porygon",137,"NORMAL","Porygon",,0,"BASIC",false,,,0,""
"porygon",233,"NORMAL","Porygon2",,1,"STAGE1",false,137,"NORMAL",0,""
"porygon",474,"NORMAL","Porygon-Z",,2,"STAGE2",false,233,"NORMAL",0,""
"psyduck",54,"NORMAL","Psyduck",,0,"BASIC",false,,,0,""
"psyduck",55,"NORMAL","Golduck",,1,"STAGE1",false,54,"NORMAL",0,""
"pumpkaboo",710,"NORMAL","Pumpkaboo",,0,"BASIC",false,,,0,""
"pumpkaboo",711,"NORMAL","Gourgeist",,1,"STAGE1",false,710,"NORMAL",0,""
"purrloin",509,"NORMAL","Purrloin",,0,"BASIC",false,,,0,""
"purrloin",510,"NORMAL","Liepard",,1,"STAGE1",false,509,"NORMAL",0,""
"pyukumuku",771,"NORMAL","Pyukumuku",,0,"BASIC",false,,,0,""
"quaxly",912,"NORMAL","Quaxly",,0,"BASIC",false,,,0,""
"quaxly",913,"NORMAL","Quaxwell",,1,"STAGE1",false,912,"NORMAL",0,""
"quaxly",914,"NORMAL","Quaquaval",,2,"STAGE2",false,913,"NORMAL",0,""
"qwilfish",211,"NORMAL","Qwilfish",,0,"BASIC",false,,,0,""
"qwilfish",904,"NORMAL","Overqwil",,1,"STAGE1",false,211,"NORMAL",0,""
"raging-bolt",1021,"NORMAL","Raging Bolt",,0,"BASIC",false,,,0,""
"raikou",243,"NORMAL","Raikou",,0,"BASIC",false,,,0,""
"ralts",280,"NORMAL","Ralts",,0,"BASIC",false,,,0,""
"ralts",281,"NORMAL","Kirlia",,1,"STAGE1",false,280,"NORMAL",0,""
"ralts",282,"NORMAL","Gardevoir",,2,"STAGE2",false,281,"NORMAL",0,""
"ralts",475,"NORMAL","Gallade",,2,"STAGE2",false,281,"NORMAL",1,""
"rattata",19,"NORMAL","Rattata",,0,"BASIC",false,,,0,""
"rattata",20,"NORMAL","Raticate",,1,"STAGE1",false,19,"NORMAL",0,""
"rayquaza",384,"NORMAL","Rayquaza",,0,"BASIC",false,,,0,""
"regice",378,"NORMAL","Regice",,0,"BASIC",false,,,0,""
"regidrago",895,"NORMAL","Regidrago",,0,"BASIC",false,,,0,""
"regieleki",894,"NORMAL","Regieleki",,0,"BASIC",false,,,0,""
"regigigas",486,"NORMAL","Regigigas",,0,"BASIC",false,,,0,""
"regirock",377,"NORMAL","Regirock",,0,"BASIC",false,,,0,""
"registeel",379,"NORMAL","Registeel",,0,"BASIC",false,,,0,""
"relicanth",369,"NORMAL","Relicanth",,0,"BASIC",false,,,0,""
"rellor",953,"NORMAL","Rellor",,0,"BASIC",false,,,0,""
"rellor",954,"NORMAL","Rabsca",,1,"STAGE1",false,953,"NORMAL",0,""
"remoraid",223,"NORMAL","Remoraid",,0,"BASIC",false,,,0,""
"remoraid",224,"NORMAL","Octillery",,1,"STAGE1",false,223,"NORMAL",0,""
"reshiram",643,"NORMAL","Reshiram",,0,"BASIC",false,,,0,""
"rhyhorn",111,"NORMAL","Rhyhorn",,0,"BASIC",false,,,0,""
"rhyhorn",112,"NORMAL","Rhydon",,1,"STAGE1",false,111,"NORMAL",0,""
"rhyhorn",464,"NORMAL","Rhyperior",,2,"STAGE2",false,112,"NORMAL",0,""
"riolu",447,"NORMAL","Riolu",,0,"BASIC",true,,,0,""
"riolu",448,"NORMAL","Lucario",,1,"STAGE1",false,447,"NORMAL",0,""
"roaring-moon",1005,"NORMAL","Roaring Moon",,0,"BASIC",false,,,0,""
"rockruff",744,"NORMAL","Rockruff",,0,"BASIC",false,,,0,""
"rockruff",745,"NORMAL","Lycanroc",,1,"STAGE1",false,744,"NORMAL",0,""
"roggenrola",524,"NORMAL","Roggenrola",,0,"BASIC",false,,,0,""
"roggenrola",525,"NORMAL","Boldore",,1,"STAGE1",false,524,"NORMAL",0,""
"roggenrola",526,"NORMAL","Gigalith",,2,"STAGE2",false,525,"NORMAL",0,""
"rolycoly",837,"NORMAL","Rolycoly",,0,"BASIC",false,,,0,""
"rolycoly",838,"NORMAL","Carkol",,1,"STAGE1",false,837,"NORMAL",0,""
"rolycoly",839,"NORMAL","Coalossal",,2,"STAGE2",false,838,"NORMAL",0,""
"rookidee",821,"NORMAL","Rookidee",,0,"BASIC",false,,,0,""
"rookidee",822,"NORMAL","Corvisquire",,1,"STAGE1",false,821,"NORMAL",0,""
"rookidee",823,"NORMAL","Corviknight",,2,"STAGE2",false,822,"NORMAL",0,""
"rotom",479,"NORMAL","Rotom",,0,"BASIC",false,,,0,""
"rowlet",722,"NORMAL","Rowlet",,0,"BASIC",false,,,0,""
"rowlet",723,"NORMAL","Dartrix",,1,"STAGE1",false,722,"NORMAL",0,""
"rowlet",724,"NORMAL","Decidueye",,2,"STAGE2",false,723,"NORMAL",0,""
"rufflet",627,"NORMAL","Rufflet",,0,"BASIC",false,,,0,""
"rufflet",628,"NORMAL","Braviary",,1,"STAGE1",false,627,"NORMAL",0,""
"sableye",302,"NORMAL","Sableye",,0,"BASIC",false,,,0,""
"salandit",757,"NORMAL","Salandit",,0,"BASIC",false,,,0,""
"salandit",758,"NORMAL","Salazzle",,1,"STAGE1",false,757,"NORMAL",0,""
"sandile",551,"NORMAL","Sandile",,0,"BASIC",false,,,0,""
"sandile",552,"NORMAL","Krokorok",,1,"STAGE1",false,551,"NORMAL",0,""
"sandile",553,"NORMAL","Krookodile",,2,"STAGE2",false,552,"NORMAL",0,""
"sandshrew",27,"NORMAL","Sandshrew",,0,"BASIC",false,,,0,""
"sandshrew",28,"NORMAL","Sandslash",,1,"STAGE1",false,27,"NORMAL",0,""
"sandy-shocks",989,"NORMAL","Sandy Shocks",,0,"BASIC",false,,,0,""
"sandygast",769,"NORMAL","Sandygast",,0,"BASIC",false,,,0,""
"sandygast",770,"NORMAL","Palossand",,1,"STAGE1",false,769,"NORMAL",0,""
"sawk",539,"NORMAL","Sawk",,0,"BASIC",false,,,0,""
"scatterbug",664,"NORMAL","Scatterbug",,0,"BASIC",false,,,0,""
"scatterbug",665,"NORMAL","Spewpa",,1,"STAGE1",false,664,"NORMAL",0,""
"scatterbug",666,"NORMAL","Vivillon",,2,"STAGE2",false,665,"NORMAL",0,""
"scorbunny",813,"NORMAL","Scorbunny",,0,"BASIC",false,,,0,""
"scorbunny",814,"NORMAL","Raboot",,1,"STAGE1",false,813,"NORMAL",0,""
"scorbunny",815,"NORMAL","Cinderace",,2,"STAGE2",false,814,"NORMAL",0,""
"scraggy",559,"NORMAL","Scraggy",,0,"BASIC",false,,,0,""
"scraggy",560,"NORMAL","Scrafty",,1,"STAGE1",false,559,"NORMAL",0,""
"scream-tail",985,"NORMAL","Scream Tail",,0,"BASIC",false,,,0,""
"scyther",123,"NORMAL","Scyther",,0,"BASIC",false,,,0,""
"scyther",212,"NORMAL","Scizor",,1,"STAGE1",false,123,"NORMAL",0,""
"scyther",900,"NORMAL","Kleavor",,1,"STAGE1",false,123,"NORMAL",1,""
"seedot",273,"NORMAL","Seedot",,0,"BASIC",false,,,0,""
"seedot",274,"NORMAL","Nuzleaf",,1,"STAGE1",false,273,"NORMAL",0,""
"seedot",275,"NORMAL","Shiftry",,2,"STAGE2",false,274,"NORMAL",0,""
"seel",86,"NORMAL","Seel",,0,"BASIC",false,,,0,""
"seel",87,"NORMAL","Dewgong",,1,"STAGE1",false,86,"NORMAL",0,""
"sentret",161,"NORMAL","Sentret",,0,"BASIC",false,,,0,""
"sentret",162,"NORMAL","Furret",,1,"STAGE1",false,161,"NORMAL",0,""
"seviper",336,"NORMAL","Seviper",,0,"BASIC",false,,,0,""
"sewaddle",540,"NORMAL","Sewaddle",,0,"BASIC",false,,,0,""
"sewaddle",541,"NORMAL","Swadloon",,1,"STAGE1",false,540,"NORMAL",0,""
"sewaddle",542,"NORMAL","Leavanny",,2,"STAGE2",false,541,"NORMAL",0,""
"shaymin",492,"NORMAL","Shaymin",,0,"BASIC",false,,,0,""
"shellder",90,"NORMAL","Shellder",,0,"BASIC",false,,,0,""
"shellder",91,"NORMAL","Cloyster",,1,"STAGE1",false,90,"NORMAL",0,""
"shellos",422,"NORMAL","Shellos",,0,"BASIC",false,,,0,""
"shellos",423,"NORMAL","Gastrodon",,1,"STAGE1",false,422,"NORMAL",0,""
"shelmet",616,"NORMAL","Shelmet",,0,"BASIC",false,,,0,""
"shelmet",617,"NORMAL","Accelgor",,1,"STAGE1",false,616,"NORMAL",0,""
"shieldon",410,"NORMAL","Shieldon",,0,"BASIC",false,,,0,""
"shieldon",411,"NORMAL","Bastiodon",,1,"STAGE1",false,410,"NORMAL",0,""
"shinx",403,"NORMAL","Shinx",,0,"BASIC",false,,,0,""
"shinx",404,"NORMAL","Luxio",,1,"STAGE1",false,403,"NORMAL",0,""
"shinx",405,"NORMAL","Luxray",,2,"STAGE2",false,404,"NORMAL",0,""
"shroodle",944,"NORMAL","Shroodle",,0,"BASIC",false,,,0,""
"shroodle",945,"NORMAL","Grafaiai",,1,"STAGE1",false,944,"NORMAL",0,""
"shroomish",285,"NORMAL","Shroomish",,0,"BASIC",false,,,0,""
"shroomish",286,"NORMAL","Breloom",,1,"STAGE1",false,285,"NORMAL",0,""
"shuckle",213,"NORMAL","Shuckle",,0,"BASIC",false,,,0,""
"shuppet",353,"NORMAL","Shuppet",,0,"BASIC",false,,,0,""
"shuppet",354,"NORMAL","Banette",,1,"STAGE1",false,353,"NORMAL",0,""
"sigilyph",561,"NORMAL","Sigilyph",,0,"BASIC",false,,,0,""
"silicobra",843,"NORMAL","Silicobra",,0,"BASIC",false,,,0,""
"silicobra",844,"NORMAL","Sandaconda",,1,"STAGE1",false,843,"NORMAL",0,""
"sinistea",854,"NORMAL","Sinistea",,0,"BASIC",false,,,0,""
"sinistea",855,"NORMAL","Polteageist",,1,"STAGE1",false,854,"NORMAL",0,""
"sizzlipede",850,"NORMAL","Sizzlipede",,0,"BASIC",false,,,0,""
"sizzlipede",851,"NORMAL","Centiskorch",,1,"STAGE1",false,850,"NORMAL",0,""
"skarmory",227,"NORMAL","Skarmory",,0,"BASIC",false,,,0,""
"skiddo",672,"NORMAL","Skiddo",,0,"BASIC",false,,,0,""
"skiddo",673,"NORMAL","Gogoat",,1,"STAGE1",false,672,"NORMAL",0,""
"skitty",300,"NORMAL","Skitty",,0,"BASIC",false,,,0,""
"skitty",301,"NORMAL","Delcatty",,1,"STAGE1",false,300,"NORMAL",0,""
"skorupi",451,"NORMAL","Skorupi",,0,"BASIC",false,,,0,""
"skorupi",452,"NORMAL","Drapion",,1,"STAGE1",false,451,"NORMAL",0,""
"skrelp",690,"NORMAL","Skrelp",,0,"BASIC",false,,,0,""
"skrelp",691,"NORMAL","Dragalge",,1,"STAGE1",false,690,"NORMAL",0,""
"skwovet",819,"NORMAL","Skwovet",,0,"BASIC",false,,,0,""
"skwovet",820,"NORMAL","Greedent",,1,"STAGE1",false,819,"NORMAL",0,""
"slakoth",287,"NORMAL","Slakoth",,0,"BASIC",false,,,0,""
"slakoth",288,"NORMAL","Vigoroth",,1,"STAGE1",false,287,"NORMAL",0,""
"slakoth",289,"NORMAL","Slaking",,2,"STAGE2",false,288,"NORMAL",0,""
"slither-wing",988,"NORMAL","Slither Wing",,0,"BASIC",false,,,0,""
"slowpoke",79,"NORMAL","Slowpoke",,0,"BASIC",false,,,0,""
"slowpoke",80,"NORMAL","Slowbro",,1,"STAGE1",false,79,"NORMAL",0,""
"slowpoke",199,"NORMAL","Slowking",,1,"STAGE1",false,79,"NORMAL",1,""
"slugma",218,"NORMAL","Slugma",,0,"BASIC",false,,,0,""
"slugma",219,"NORMAL","Magcargo",,1,"STAGE1",false,218,"NORMAL",0,""
"smeargle",235,"NORMAL","Smeargle",,0,"BASIC",false,,,0,""
"smoliv",928,"NORMAL","Smoliv",,0,"BASIC",false,,,0,""
"smoliv",929,"NORMAL","Dolliv",,1,"STAGE1",false,928,"NORMAL",0,""
"smoliv",930,"NORMAL","Arboliva",,2,"STAGE2",false,929,"NORMAL",0,""
"smoochum",238,"NORMAL","Smoochum",,0,"BASIC",true,,,0,""
"smoochum",124,"NORMAL","Jynx",,1,"STAGE1",false,238,"NORMAL",0,""
"sneasel",215,"NORMAL","Sneasel",,0,"BASIC",false,,,0,""
"sneasel",461,"NORMAL","Weavile",,1,"STAGE1",false,215,"NORMAL",0,""
"sneasel",903,"NORMAL","Sneasler",,1,"STAGE1",false,215,"NORMAL",1,""
"snivy",495,"NORMAL","Snivy",,0,"BASIC",false,,,0,""
"snivy",496,"NORMAL","Servine",,1,"STAGE1",false,495,"NORMAL",0,""
"snivy",497,"NORMAL","Serperior",,2,"STAGE2",false,496,"NORMAL",0,""
"snom",872,"NORMAL","Snom",,0,"BASIC",false,,,0,""
"snom",873,"NORMAL","Frosmoth",,1,"STAGE1",false,872,"NORMAL",0,""
"snorunt",361,"NORMAL","Snorunt",,0,"BASIC",false,,,0,""
"snorunt",362,"NORMAL","Glalie",,1,"STAGE1",false,361,"NORMAL",0,""
"snorunt",478,"NORMAL","Froslass",,1,"STAGE1",false,361,"NORMAL",1,""
"snover",459,"NORMAL","Snover",,0,"BASIC",false,,,0,""
"snover",460,"NORMAL","Abomasnow",,1,"STAGE1",false,459,"NORMAL",0,""
"snubbull",209,"NORMAL","Snubbull",,0,"BASIC",false,,,0,""
"snubbull",210,"NORMAL","Granbull",,1,"STAGE1",false,209,"NORMAL",0,""
"sobble",816,"NORMAL","Sobble",,0,"BASIC",false,,,0,""
"sobble",817,"NORMAL","Drizzile",,1,"STAGE1",false,816,"NORMAL",0,""
"sobble",818,"NORMAL","Inteleon",,2,"STAGE2",false,817,"NORMAL",0,""
"solosis",577,"NORMAL","Solosis",,0,"BASIC",false,,,0,""
"solosis",578,"NORMAL","Duosion",,1,"STAGE1",false,577,"NORMAL",0,""
"solosis",579,"NORMAL","Reuniclus",,2,"STAGE2",false,578,"NORMAL",0,""
"solrock",338,"NORMAL","Solrock",,0,"BASIC",false,,,0,""
"spearow",21,"NORMAL","Spearow",,0,"BASIC",false,,,0,""
"spearow",22,"NORMAL","Fearow",,1,"STAGE1",false,21,"NORMAL",0,""
"spectrier",897,"NORMAL","Spectrier",,0,"BASIC",false,,,0,""
"spheal",363,"NORMAL","Spheal",,0,"BASIC",false,,,0,""
"spheal",364,"NORMAL","Sealeo",,1,"STAGE1",false,363,"NORMAL",0,""
"spheal",365,"NORMAL","Walrein",,2,"STAGE2",false,364,"NORMAL",0,""
"spinarak",167,"NORMAL","Spinarak",,0,"BASIC",false,,,0,""
"spinarak",168,"NORMAL","Ariados",,1,"STAGE1",false,167,"NORMAL",0,""
"spinda",327,"NORMAL","Spinda",,0,"BASIC",false,,,0,""
"spiritomb",442,"NORMAL","Spiritomb",,0,"BASIC",false,,,0,""
"spoink",325,"NORMAL","Spoink",,0,"BASIC",false,,,0,""
"spoink",326,"NORMAL","Grumpig",,1,"STAGE1",false,325,"NORMAL",0,""
"sprigatito",906,"NORMAL","Sprigatito",,0,"BASIC",false,,,0,""
"sprigatito",907,"NORMAL","Floragato",,1,"STAGE1",false,906,"NORMAL",0,""
"sprigatito",908,"NORMAL","Meowscarada",,2,"STAGE2",false,907,"NORMAL",0,""
"spritzee",682,"NORMAL","Spritzee",,0,"BASIC",false,,,0,""
"spritzee",683,"NORMAL","Aromatisse",,1,"STAGE1",false,682,"NORMAL",0,""
"squawkabilly",931,"NORMAL","Squawkabilly",,0,"BASIC",false,,,0,""
"squirtle",7,"NORMAL","Squirtle",,0,"BASIC",false,,,0,""
"squirtle",8,"NORMAL","Wartortle",,1,"STAGE1",false,7,"NORMAL",0,""
"squirtle",9,"NORMAL","Blastoise",,2,"STAGE2",false,8,"NORMAL",0,""
"stakataka",805,"NORMAL","Stakataka",,0,"BASIC",false,,,0,""
"stantler",234,"NORMAL","Stantler",,0,"BASIC",false,,,0,""
"stantler",899,"NORMAL","Wyrdeer",,1,"STAGE1",false,234,"NORMAL",0,""
"starly",396,"NORMAL","Starly",,0,"BASIC",false,,,0,""
"starly",397,"NORMAL","Staravia",,1,"STAGE1",false,396,"NORMAL",0,""
"starly",398,"NORMAL","Staraptor",,2,"STAGE2",false,397,"NORMAL",0,""
"staryu",120,"NORMAL","Staryu",,0,"BASIC",false,,,0,""
"staryu",121,"NORMAL","Starmie",,1,"STAGE1",false,120,"NORMAL",0,""
"stonjourner",874,"NORMAL","Stonjourner",,0,"BASIC",false,,,0,""
"stufful",759,"NORMAL","Stufful",,0,"BASIC",false,,,0,""
"stufful",760,"NORMAL","Bewear",,1,"STAGE1",false,759,"NORMAL",0,""
"stunfisk",618,"NORMAL","Stunfisk",,0,"BASIC",false,,,0,""
"stunky",434,"NORMAL","Stunky",,0,"BASIC",false,,,0,""
"stunky",435,"NORMAL","Skuntank",,1,"STAGE1",false,434,"NORMAL",0,""
"suicune",245,"NORMAL","Suicune",,0,"BASIC",false,,,0,""
"sunkern",191,"NORMAL","Sunkern",,0,"BASIC",false,,,0,""
"sunkern",192,"NORMAL","Sunflora",,1,"STAGE1",false,191,"NORMAL",0,""
"surskit",283,"NORMAL","Surskit",,0,"BASIC",false,,,0,""
"surskit",284,"NORMAL","Masquerain",,1,"STAGE1",false,283,"NORMAL",0,""
"swablu",333,"NORMAL","Swablu",,0,"BASIC",false,,,0,""
"swablu",334,"NORMAL","Altaria",,1,"STAGE1",false,333,"NORMAL",0,""
"swinub",220,"NORMAL","Swinub",,0,"BASIC",false,,,0,""
"swinub",221,"NORMAL","Piloswine",,1,"STAGE1",false,220,"NORMAL",0,""
"swinub",473,"NORMAL","Mamoswine",,2,"STAGE2",false,221,"NORMAL",0,""
"swirlix",684,"NORMAL","Swirlix",,0,"BASIC",false,,,0,""
"swirlix",685,"NORMAL","Slurpuff",,1,"STAGE1",false,684,"NORMAL",0,""
"tadbulb",938,"NORMAL","Tadbulb",,0,"BASIC",false,,,0,""
"tadbulb",939,"NORMAL","Bellibolt",,1,"STAGE1",false,938,"NORMAL",0,""
"taillow",276,"NORMAL","Taillow",,0,"BASIC",false,,,0,""
"taillow",277,"NORMAL","Swellow",,1,"STAGE1",false,276,"NORMAL",0,""
"tandemaus",924,"NORMAL","Tandemaus",,0,"BASIC",false,,,0,""
"tandemaus",925,"NORMAL","Maushold",,1,"STAGE1",false,924,"NORMAL",0,""
"tangela",114,"NORMAL","Tangela",,0,"BASIC",false,,,0,""
"tangela",465,"NORMAL","Tangrowth",,1,"STAGE1",false,114,"NORMAL",0,""
"tapu-bulu",787,"NORMAL","Tapu Bulu",,0,"BASIC",false,,,0,""
"tapu-fini",788,"NORMAL","Tapu Fini",,0,"BASIC",false,,,0,""
"tapu-koko",785,"NORMAL","Tapu Koko",,0,"BASIC",false,,,0,""
"tapu-lele",786,"NORMAL","Tapu Lele",,0,"BASIC",false,,,0,""
"tarountula",917,"NORMAL","Tarountula",,0,"BASIC",false,,,0,""
"tarountula",918,"NORMAL","Spidops",,1,"STAGE1",false,917,"NORMAL",0,""
"tatsugiri",978,"NORMAL","Tatsugiri",,0,"BASIC",false,,,0,""
"tauros",128,"NORMAL","Tauros",,0,"BASIC",false,,,0,""
"teddiursa",216,"NORMAL","Teddiursa",,0,"BASIC",false,,,0,""
"teddiursa",217,"NORMAL","Ursaring",,1,"STAGE1",false,216,"NORMAL",0,""
"teddiursa",901,"NORMAL","Ursaluna",,2,"STAGE2",false,217,"NORMAL",0,""
"tentacool",72,"NORMAL","Tentacool",,0,"BASIC",false,,,0,""
"tentacool",73,"NORMAL","Tentacruel",,1,"STAGE1",false,72,"NORMAL",0,""
"tepig",498,"NORMAL","Tepig",,0,"BASIC",false,,,0,""
"tepig",499,"NORMAL","Pignite",,1,"STAGE1",false,498,"NORMAL",0,""
"tepig",500,"NORMAL","Emboar",,2,"STAGE2",false,499,"NORMAL",0,""
"terapagos",1024,"NORMAL","Terapagos",,0,"BASIC",false,,,0,""
"terrakion",639,"NORMAL","Terrakion",,0,"BASIC",false,,,0,""
"throh",538,"NORMAL","Throh",,0,"BASIC",false,,,0,""
"thundurus",642,"NORMAL","Thundurus",,0,"BASIC",false,,,0,""
"timburr",532,"NORMAL","Timburr",,0,"BASIC",false,,,0,""
"timburr",533,"NORMAL","Gurdurr",,1,"STAGE1",false,532,"NORMAL",0,""
"timburr",534,"NORMAL","Conkeldurr",,2,"STAGE2",false,533,"NORMAL",0,""
"ting-lu",1003,"NORMAL","Ting-Lu",,0,"BASIC",false,,,0,""
"tinkatink",957,"NORMAL","Tinkatink",,0,"BASIC",false,,,0,""
"tinkatink",958,"NORMAL","Tinkatuff",,1,"STAGE1",false,957,"NORMAL",0,""
"tinkatink",959,"NORMAL","Tinkaton",,2,"STAGE2",false,958,"NORMAL",0,""
"tirtouga",564,"NORMAL","Tirtouga",,0,"BASIC",false,,,0,""
"tirtouga",565,"NORMAL","Carracosta",,1,"STAGE1",false,564,"NORMAL",0,""
"toedscool",948,"NORMAL","Toedscool",,0,"BASIC",false,,,0,""
"toedscool",949,"NORMAL","Toedscruel",,1,"STAGE1",false,948,"NORMAL",0,""
"togedemaru",777,"NORMAL","Togedemaru",,0,"BASIC",false,,,0,""
"togepi",175,"NORMAL","Togepi",,0,"BASIC",true,,,0,""
"togepi",176,"NORMAL","Togetic",,1,"STAGE1",false,175,"NORMAL",0,""
"togepi",468,"NORMAL","Togekiss",,2,"STAGE2",false,176,"NORMAL",0,""
"torchic",255,"NORMAL","Torchic",,0,"BASIC",false,,,0,""
"torchic",256,"NORMAL","Combusken",,1,"STAGE1",false,255,"NORMAL",0,""
"torchic",257,"NORMAL","Blaziken",,2,"STAGE2",false,256,"NORMAL",0,""
"torkoal",324,"NORMAL","Torkoal",,0,"BASIC",false,,,0,""
"tornadus",641,"NORMAL","Tornadus",,0,"BASIC",false,,,0,""
"totodile",158,"NORMAL","Totodile",,0,"BASIC",false,,,0,""
"totodile",159,"NORMAL","Croconaw",,1,"STAGE1",false,158,"NORMAL",0,""
"totodile",160,"NORMAL","Feraligatr",,2,"STAGE2",false,159,"NORMAL",0,""
"toxel",848,"NORMAL","Toxel",,0,"BASIC",true,,,0,""
"toxel",849,"NORMAL","Toxtricity",,1,"STAGE1",false,848,"NORMAL",0,""
"trapinch",328,"NORMAL","Trapinch",,0,"BASIC",false,,,0,""
"trapinch",329,"NORMAL","Vibrava",,1,"STAGE1",false,328,"NORMAL",0,""
"trapinch",330,"NORMAL","Flygon",,2,"STAGE2",false,329,"NORMAL",0,""
"treecko",252,"NORMAL","Treecko",,0,"BASIC",false,,,0,""
"treecko",253,"NORMAL","Grovyle",,1,"STAGE1",false,252,"NORMAL",0,""
"treecko",254,"NORMAL","Sceptile",,2,"STAGE2",false,253,"NORMAL",0,""
"tropius",357,"NORMAL","Tropius",,0,"BASIC",false,,,0,""
"trubbish",568,"NORMAL","Trubbish",,0,"BASIC",false,,,0,""
"trubbish",569,"NORMAL","Garbodor",,1,"STAGE1",false,568,"NORMAL",0,""
"turtonator",776,"NORMAL","Turtonator",,0,"BASIC",false,,,0,""
"turtwig",387,"NORMAL","Turtwig",,0,"BASIC",false,,,0,""
"turtwig",388,"NORMAL","Grotle",,1,"STAGE1",false,387,"NORMAL",0,""
"turtwig",389,"NORMAL","Torterra",,2,"STAGE2",false,388,"NORMAL",0,""
"tympole",535,"NORMAL","Tympole",,0,"BASIC",false,,,0,""
"tympole",536,"NORMAL","Palpitoad",,1,"STAGE1",false,535,"NORMAL",0,""
"tympole",537,"NORMAL","Seismitoad",,2,"STAGE2",false,536,"NORMAL",0,""
"tynamo",602,"NORMAL","Tynamo",,0,"BASIC",false,,,0,""
"tynamo",603,"NORMAL","Eelektrik",,1,"STAGE1",false,602,"NORMAL",0,""
"tynamo",604,"NORMAL","Eelektross",,2,"STAGE2",false,603,"NORMAL",0,""
"type-null",772,"NORMAL","Type: Null",,0,"BASIC",false,,,0,""
"type-null",773,"NORMAL","Silvally",,1,"STAGE1",false,772,"NORMAL",0,""
"tyrogue",236,"NORMAL","Tyrogue",,0,"BASIC",true,,,0,""
"tyrogue",106,"NORMAL","Hitmonlee",,1,"STAGE1",false,236,"NORMAL",0,""
"tyrogue",107,"NORMAL","Hitmonchan",,1,"STAGE1",false,236,"NORMAL",1,""
"tyrogue",237,"NORMAL","Hitmontop",,1,"STAGE1",false,236,"NORMAL",2,""
"tyrunt",696,"NORMAL","Tyrunt",,0,"BASIC",false,,,0,""
"tyrunt",697,"NORMAL","Tyrantrum",,1,"STAGE1",false,696,"NORMAL",0,""
"unown",201,"NORMAL","Unown",,0,"BASIC",false,,,0,""
"uxie",480,"NORMAL","Uxie",,0,"BASIC",false,,,0,""
"vanillite",582,"NORMAL","Vanillite",,0,"BASIC",false,,,0,""
"vanillite",583,"NORMAL","Vanillish",,1,"STAGE1",false,582,"NORMAL",0,""
"vanillite",584,"NORMAL","Vanilluxe",,2,"STAGE2",false,583,"NORMAL",0,""
"varoom",965,"NORMAL","Varoom",,0,"BASIC",false,,,0,""
"varoom",966,"NORMAL","Revavroom",,1,"STAGE1",false,965,"NORMAL",0,""
"veluza",976,"NORMAL","Veluza",,0,"BASIC",false,,,0,""
"venipede",543,"NORMAL","Venipede",,0,"BASIC",false,,,0,""
"venipede",544,"NORMAL","Whirlipede",,1,"STAGE1",false,543,"NORMAL",0,""
"venipede",545,"NORMAL","Scolipede",,2,"STAGE2",false,544,"NORMAL",0,""
"venonat",48,"NORMAL","Venonat",,0,"BASIC",false,,,0,""
"venonat",49,"NORMAL","Venomoth",,1,"STAGE1",false,48,"NORMAL",0,""
"victini",494,"NORMAL","Victini",,0,"BASIC",false,,,0,""
"virizion",640,"NORMAL","Virizion",,0,"BASIC",false,,,0,""
"volbeat",313,"NORMAL","Volbeat",,0,"BASIC",false,,,0,""
"volcanion",721,"NORMAL","Volcanion",,0,"BASIC",false,,,0,""
"voltorb",100,"NORMAL","Voltorb",,0,"BASIC",false,,,0,""
"voltorb",101,"NORMAL","Electrode",,1,"STAGE1",false,100,"NORMAL",0,""
"vullaby",629,"NORMAL","Vullaby",,0,"BASIC",false,,,0,""
"vullaby",630,"NORMAL","Mandibuzz",,1,"STAGE1",false,629,"NORMAL",0,""
"vulpix",37,"NORMAL","Vulpix",,0,"BASIC",false,,,0,""
"vulpix",38,"NORMAL","Ninetales",,1,"STAGE1",false,37,"NORMAL",0,""
"wailmer",320,"NORMAL","Wailmer",,0,"BASIC",false,,,0,""
"wailmer",321,"NORMAL","Wailord",,1,"STAGE1",false,320,"NORMAL",0,""
"walking-wake",1009,"NORMAL","Walking Wake",,0,"BASIC",false,,,0,""
"wattrel",940,"NORMAL","Wattrel",,0,"BASIC",false,,,0,""
"wattrel",941,"NORMAL","Kilowattrel",,1,"STAGE1",false,940,"NORMAL",0,""
"weedle",13,"NORMAL","Weedle",,0,"BASIC",false,,,0,""
"weedle",14,"NORMAL","Kakuna",,1,"STAGE1",false,13,"NORMAL",0,""
"weedle",15,"NORMAL","Beedrill",,2,"STAGE2",false,14,"NORMAL",0,""
"whismur",293,"NORMAL","Whismur",,0,"BASIC",false,,,0,""
"whismur",294,"NORMAL","Loudred",,1,"STAGE1",false,293,"NORMAL",0,""
"whismur",295,"NORMAL","Exploud",,2,"STAGE2",false,294,"NORMAL",0,""
"wiglett",960,"NORMAL","Wiglett",,0,"BASIC",false,,,0,""
"wiglett",961,"NORMAL","Wugtrio",,1,"STAGE1",false,960,"NORMAL",0,""
"wimpod",767,"NORMAL","Wimpod",,0,"BASIC",false,,,0,""
"wimpod",768,"NORMAL","Golisopod",,1,"STAGE1",false,767,"NORMAL",0,""
"wingull",278,"NORMAL","Wingull",,0,"BASIC",false,,,0,""
"wingull",279,"NORMAL","Pelipper",,1,"STAGE1",false,278,"NORMAL",0,""
"wishiwashi",746,"NORMAL","Wishiwashi",,0,"BASIC",false,,,0,""
"wo-chien",1001,"NORMAL","Wo-Chien",,0,"BASIC",false,,,0,""
"woobat",527,"NORMAL","Woobat",,0,"BASIC",false,,,0,""
"woobat",528,"NORMAL","Swoobat",,1,"STAGE1",false,527,"NORMAL",0,""
"wooloo",831,"NORMAL","Wooloo",,0,"BASIC",false,,,0,""
"wooloo",832,"NORMAL","Dubwool",,1,"STAGE1",false,831,"NORMAL",0,""
"wooper",194,"NORMAL","Wooper",,0,"BASIC",false,,,0,""
"wooper",195,"NORMAL","Quagsire",,1,"STAGE1",false,194,"NORMAL",0,""
"wooper",980,"NORMAL","Clodsire",,1,"STAGE1",false,194,"NORMAL",1,""
"wurmple",265,"NORMAL","Wurmple",,0,"BASIC",false,,,0,""
"wurmple",266,"NORMAL","Silcoon",,1,"STAGE1",false,265,"NORMAL",0,""
"wurmple",268,"NORMAL","Cascoon",,1,"STAGE1",false,265,"NORMAL",1,""
"wurmple",267,"NORMAL","Beautifly",,2,"STAGE2",false,266,"NORMAL",0,""
"wurmple",269,"NORMAL","Dustox",,2,"STAGE2",false,268,"NORMAL",0,""
"wynaut",360,"NORMAL","Wynaut",,0,"BASIC",true,,,0,""
"wynaut",202,"NORMAL","Wobbuffet",,1,"STAGE1",false,360,"NORMAL",0,""
"xerneas",716,"NORMAL","Xerneas",,0,"BASIC",false,,,0,""
"xurkitree",796,"NORMAL","Xurkitree",,0,"BASIC",false,,,0,""
"yamask",562,"NORMAL","Yamask",,0,"BASIC",false,,,0,""
"yamask",563,"NORMAL","Cofagrigus",,1,"STAGE1",false,562,"NORMAL",0,""
"yamask",867,"NORMAL","Runerigus",,1,"STAGE1",false,562,"NORMAL",1,""
"yamper",835,"NORMAL","Yamper",,0,"BASIC",false,,,0,""
"yamper",836,"NORMAL","Boltund",,1,"STAGE1",false,835,"NORMAL",0,""
"yanma",193,"NORMAL","Yanma",,0,"BASIC",false,,,0,""
"yanma",469,"NORMAL","Yanmega",,1,"STAGE1",false,193,"NORMAL",0,""
"yungoos",734,"NORMAL","Yungoos",,0,"BASIC",false,,,0,""
"yungoos",735,"NORMAL","Gumshoos",,1,"STAGE1",false,734,"NORMAL",0,""
"yveltal",717,"NORMAL","Yveltal",,0,"BASIC",false,,,0,""
"zacian",888,"NORMAL","Zacian",,0,"BASIC",false,,,0,""
"zamazenta",889,"NORMAL","Zamazenta",,0,"BASIC",false,,,0,""
"zangoose",335,"NORMAL","Zangoose",,0,"BASIC",false,,,0,""
"zapdos",145,"NORMAL","Zapdos",,0,"BASIC",false,,,0,""
"zarude",893,"NORMAL","Zarude",,0,"BASIC",false,,,0,""
"zekrom",644,"NORMAL","Zekrom",,0,"BASIC",false,,,0,""
"zeraora",807,"NORMAL","Zeraora",,0,"BASIC",false,,,0,""
"zigzagoon",263,"NORMAL","Zigzagoon",,0,"BASIC",false,,,0,""
"zigzagoon",264,"NORMAL","Linoone",,1,"STAGE1",false,263,"NORMAL",0,""
"zigzagoon",862,"NORMAL","Obstagoon",,2,"STAGE2",false,264,"NORMAL",0,""
"zorua",570,"NORMAL","Zorua",,0,"BASIC",false,,,0,""
"zorua",571,"NORMAL","Zoroark",,1,"STAGE1",false,570,"NORMAL",0,""
"zubat",41,"NORMAL","Zubat",,0,"BASIC",false,,,0,""
"zubat",42,"NORMAL","Golbat",,1,"STAGE1",false,41,"NORMAL",0,""
"zubat",169,"NORMAL","Crobat",,2,"STAGE2",false,42,"NORMAL",0,""
"zygarde",718,"NORMAL","Zygarde",,0,"BASIC",false,,,0,""
